Node,AverageAttackRate,Rank,degree_centrality,betweenness_centrality
3,0.996136,1,0.13313313313313313,0.11412011901401393
0,0.994505,2,0.12412412412412413,0.1014587560650963
4,0.990873,3,0.11511511511511512,0.09226234739457437
11,0.982717,4,0.08808808808808809,0.05762121438374103
5,0.971334,5,0.08208208208208208,0.05235357833769816
2,0.950286,6,0.07307307307307308,0.048735014136415705
1,0.940031,7,0.06706706706706707,0.0407962864352633
16,0.905888,8,0.05305305305305305,0.02711243385716555
17,0.904568,9,0.05305305305305305,0.02413390348492143
8,0.897672,10,0.04804804804804805,0.02306843518406121
7,0.889278,11,0.044044044044044044,0.0195461744837357
30,0.884623,12,0.055055055055055056,0.025434042455236384
24,0.869643,13,0.05305305305305305,0.025357091299921728
14,0.866242,14,0.05405405405405406,0.027550956373994
34,0.864567,15,0.05405405405405406,0.02471026409874609
10,0.852595,16,0.043043043043043044,0.021308014888546695
18,0.847937,17,0.04004004004004004,0.014022370497220889
9,0.842191,18,0.04004004004004004,0.015174141241754606
39,0.833192,19,0.04704704704704705,0.01988231390933788
53,0.822587,20,0.04804804804804805,0.019200369745177526
29,0.81955,21,0.043043043043043044,0.016555452466375322
28,0.813907,22,0.044044044044044044,0.016603733457014862
52,0.802348,23,0.04704704704704705,0.016309395277879966
54,0.799869,24,0.04104104104104104,0.01803879574519082
33,0.785713,25,0.04004004004004004,0.016003751454894796
22,0.783902,26,0.03403403403403403,0.010820596083192068
20,0.776795,27,0.036036036036036036,0.01362682938304966
13,0.766863,28,0.03303303303303303,0.01121663176558742
12,0.766435,29,0.031031031031031032,0.009224690403069027
15,0.765949,30,0.03003003003003003,0.009979662464611084
94,0.747996,31,0.04104104104104104,0.013954251666018528
36,0.737346,32,0.03003003003003003,0.009080137072942654
40,0.735911,33,0.03003003003003003,0.010996697394555978
59,0.735594,34,0.035035035035035036,0.01151801531233608
87,0.727265,35,0.03803803803803804,0.011424511053310596
55,0.725618,36,0.03303303303303303,0.014664759403075846
26,0.718602,37,0.029029029029029027,0.009407137691888886
19,0.717279,38,0.028028028028028028,0.010007463385540552
21,0.715074,39,0.031031031031031032,0.010453121086003807
63,0.705961,40,0.03003003003003003,0.011337798294483298
42,0.701173,41,0.028028028028028028,0.010394182572772024
70,0.696863,42,0.035035035035035036,0.010548242787147685
38,0.696264,43,0.02702702702702703,0.0077875731708021145
65,0.695511,44,0.029029029029029027,0.00817832111286601
6,0.691486,45,0.022022022022022022,0.004667915313188274
23,0.69127,46,0.024024024024024024,0.005095559175255377
81,0.689791,47,0.03003003003003003,0.00949063849741392
41,0.688284,48,0.024024024024024024,0.005257292113217128
51,0.684079,49,0.03303303303303303,0.01138809912763179
25,0.681555,50,0.02702702702702703,0.0082191843904459
62,0.681455,51,0.031031031031031032,0.008916430213981946
43,0.677243,52,0.026026026026026026,0.007413422608832118
85,0.667241,53,0.02702702702702703,0.006565687490928556
123,0.665037,54,0.029029029029029027,0.007027477545990402
58,0.662317,55,0.028028028028028028,0.00837328355125846
76,0.653608,56,0.026026026026026026,0.006085081010926776
46,0.651107,57,0.026026026026026026,0.009689970047112719
106,0.64665,58,0.02702702702702703,0.008749721147140462
27,0.644083,59,0.024024024024024024,0.007192732440371622
35,0.641231,60,0.02102102102102102,0.004704656283991279
44,0.640443,61,0.022022022022022022,0.005289159108723059
47,0.634883,62,0.024024024024024024,0.006001607389650002
48,0.624665,63,0.02102102102102102,0.005304364479581839
72,0.62125,64,0.026026026026026026,0.006370940633212397
32,0.620519,65,0.022022022022022022,0.0058585269581463775
37,0.614837,66,0.01901901901901902,0.003670091188646982
64,0.604142,67,0.02002002002002002,0.004369614857962571
88,0.600715,68,0.026026026026026026,0.004682976606946659
107,0.594187,69,0.025025025025025023,0.006406487307618875
75,0.589475,70,0.024024024024024024,0.005364983175618827
86,0.587324,71,0.023023023023023025,0.004749330792048124
124,0.586003,72,0.025025025025025023,0.005319008862654053
68,0.58594,73,0.02102102102102102,0.004871150089190565
98,0.580337,74,0.01901901901901902,0.0035740851009936087
80,0.57137,75,0.01901901901901902,0.005881976505018093
200,0.564226,76,0.024024024024024024,0.006809870071944481
91,0.551745,77,0.01901901901901902,0.0032769112244679798
31,0.550441,78,0.01901901901901902,0.00453912857832791
83,0.550143,79,0.017017017017017015,0.003070357637948762
77,0.548173,80,0.018018018018018018,0.0044827193072414775
69,0.546301,81,0.01901901901901902,0.00420414290444532
119,0.539877,82,0.017017017017017015,0.0035549789098622184
93,0.533362,83,0.017017017017017015,0.002770531312218603
74,0.531783,84,0.018018018018018018,0.0033952546159656807
89,0.531746,85,0.016016016016016016,0.0019530893975615055
49,0.530912,86,0.016016016016016016,0.002868334634431329
61,0.529825,87,0.018018018018018018,0.002573952446980018
128,0.524667,88,0.016016016016016016,0.0019947742485264754
60,0.522666,89,0.015015015015015015,0.0030759735942598922
82,0.521051,90,0.016016016016016016,0.0032608531742387707
146,0.520642,91,0.01901901901901902,0.003576777814013431
56,0.51967,92,0.014014014014014014,0.0021012837692535036
71,0.516464,93,0.016016016016016016,0.0027767589830262735
175,0.515348,94,0.018018018018018018,0.0035205550461628082
140,0.513558,95,0.014014014014014014,0.0032260199451983156
45,0.513077,96,0.014014014014014014,0.0017620662829427956
79,0.510471,97,0.014014014014014014,0.002466109809760405
166,0.508079,98,0.017017017017017015,0.0035515664878366412
129,0.506321,99,0.013013013013013013,0.0016770459213511415
66,0.506248,100,0.015015015015015015,0.0027257840569457513
121,0.506214,101,0.018018018018018018,0.0034637079504860123
143,0.503247,102,0.014014014014014014,0.0025384232607200533
125,0.503211,103,0.017017017017017015,0.0030897135877205905
172,0.499913,104,0.017017017017017015,0.0036437530240823494
153,0.494875,105,0.014014014014014014,0.0023632983340771763
147,0.494374,106,0.015015015015015015,0.0028828085838146092
149,0.491625,107,0.01901901901901902,0.0038128246698730843
99,0.489126,108,0.014014014014014014,0.002569978309357972
90,0.485898,109,0.016016016016016016,0.002690261755181383
110,0.484564,110,0.015015015015015015,0.002227350049971624
95,0.484487,111,0.014014014014014014,0.0020752383142886247
50,0.483313,112,0.014014014014014014,0.003146797070146895
101,0.481565,113,0.016016016016016016,0.0033123580664007257
248,0.480957,114,0.016016016016016016,0.0021149006236873334
84,0.478997,115,0.014014014014014014,0.0016305643835772485
283,0.47784,116,0.01901901901901902,0.0028568718726962603
115,0.477117,117,0.012012012012012012,0.0020735227535633024
151,0.474274,118,0.013013013013013013,0.0024885128082456835
194,0.474034,119,0.017017017017017015,0.0028044381420434827
92,0.47295,120,0.013013013013013013,0.0017491977799127456
113,0.47278,121,0.016016016016016016,0.003677547592809125
161,0.471465,122,0.016016016016016016,0.003011050942281809
132,0.470305,123,0.012012012012012012,0.0022607400853533162
170,0.468842,124,0.015015015015015015,0.0031704835484910776
78,0.466905,125,0.016016016016016016,0.0024389105693112968
224,0.46673,126,0.016016016016016016,0.002761388976737959
222,0.466372,127,0.014014014014014014,0.002258845995810072
208,0.464916,128,0.016016016016016016,0.0023378218749913705
141,0.463709,129,0.01901901901901902,0.0044233194258350185
181,0.460769,130,0.012012012012012012,0.002345387700793133
171,0.460582,131,0.017017017017017015,0.003225679201983984
191,0.460401,132,0.014014014014014014,0.002110707172162212
202,0.460364,133,0.016016016016016016,0.0024093002836128416
250,0.460027,134,0.016016016016016016,0.002648602305717408
131,0.45935,135,0.016016016016016016,0.0020253408443181194
100,0.459344,136,0.012012012012012012,0.0022471083801940354
104,0.45748,137,0.011011011011011011,0.0014169464665959913
262,0.456694,138,0.013013013013013013,0.0025738426124548718
105,0.455722,139,0.014014014014014014,0.0014267813144897548
162,0.453277,140,0.013013013013013013,0.0017322935881932486
214,0.452873,141,0.015015015015015015,0.0020639397702177566
144,0.452711,142,0.013013013013013013,0.0022207904060877024
188,0.451787,143,0.015015015015015015,0.002474752994569376
259,0.451622,144,0.016016016016016016,0.003062981882990409
112,0.450336,145,0.011011011011011011,0.0010160164758850779
223,0.449878,146,0.013013013013013013,0.002265682719213471
263,0.449742,147,0.014014014014014014,0.003086374497153595
204,0.449583,148,0.017017017017017015,0.002451590511914621
145,0.448161,149,0.015015015015015015,0.002185016465436055
135,0.44558,150,0.012012012012012012,0.001810446525728308
199,0.443622,151,0.014014014014014014,0.0025719791779928083
126,0.442386,152,0.014014014014014014,0.0021117230609415515
114,0.441444,153,0.013013013013013013,0.0022671375935204756
138,0.439348,154,0.013013013013013013,0.0014375668637137305
73,0.437925,155,0.01001001001001001,0.0015574214947291067
133,0.437568,156,0.013013013013013013,0.0018370440107903542
136,0.434375,157,0.011011011011011011,0.0023923252880702177
67,0.432913,158,0.012012012012012012,0.0019537278853030116
150,0.431311,159,0.013013013013013013,0.0019725998092644977
234,0.430572,160,0.015015015015015015,0.0019522543484350788
116,0.430416,161,0.013013013013013013,0.002201507390128053
57,0.430397,162,0.008008008008008008,0.0005592485172875311
243,0.42976,163,0.013013013013013013,0.0027712599345212055
148,0.429039,164,0.009009009009009009,0.0009266760274383234
159,0.428403,165,0.014014014014014014,0.0023397595643301064
111,0.42741,166,0.01001001001001001,0.0015004246290841502
182,0.426301,167,0.012012012012012012,0.0018156416758548862
236,0.426234,168,0.013013013013013013,0.001973889719079383
156,0.425143,169,0.013013013013013013,0.0016112967269582622
226,0.424721,170,0.01001001001001001,0.0013491236097864553
127,0.424599,171,0.01001001001001001,0.0015539228000269198
193,0.42216,172,0.013013013013013013,0.0013847538448536548
192,0.421496,173,0.012012012012012012,0.0018626581887281565
118,0.421439,174,0.013013013013013013,0.0012201203386711904
251,0.419438,175,0.01001001001001001,0.0013950650836609417
117,0.419158,176,0.01001001001001001,0.000900542232200435
225,0.417931,177,0.013013013013013013,0.001715909604261184
206,0.417388,178,0.015015015015015015,0.002696178272762847
134,0.415923,179,0.008008008008008008,0.0005262749832515395
264,0.415464,180,0.01001001001001001,0.0010372395549568072
219,0.414352,181,0.01001001001001001,0.001203080967278955
154,0.413825,182,0.013013013013013013,0.0010125449478738961
331,0.412088,183,0.009009009009009009,0.0013427419404079563
205,0.411347,184,0.012012012012012012,0.001996546940596193
302,0.411202,185,0.012012012012012012,0.0014331587522174365
247,0.411189,186,0.012012012012012012,0.002347522595763604
184,0.409251,187,0.011011011011011011,0.0010999693930598328
356,0.409153,188,0.01001001001001001,0.0007095561642701843
97,0.408298,189,0.011011011011011011,0.0013270072139736583
242,0.408018,190,0.012012012012012012,0.0019702826494933812
240,0.407366,191,0.013013013013013013,0.0014277006244703251
195,0.406145,192,0.011011011011011011,0.0015865762466238276
196,0.40554,193,0.012012012012012012,0.001896552823727224
376,0.404954,194,0.011011011011011011,0.0015989884104334758
120,0.404454,195,0.011011011011011011,0.0016597345228697435
346,0.403525,196,0.012012012012012012,0.0018267177404329858
189,0.403188,197,0.011011011011011011,0.00199478931534694
334,0.402579,198,0.014014014014014014,0.0019737459736204523
256,0.401999,199,0.009009009009009009,0.0016796198208375438
190,0.401269,200,0.014014014014014014,0.0021440500665978433
348,0.401203,201,0.012012012012012012,0.001843856238246606
244,0.401016,202,0.012012012012012012,0.0016117418746744118
157,0.399576,203,0.01001001001001001,0.001074442829874857
229,0.39926,204,0.012012012012012012,0.0018864860259238075
351,0.398978,205,0.012012012012012012,0.0019577856847463426
230,0.398967,206,0.011011011011011011,0.0012752977157668274
108,0.398915,207,0.01001001001001001,0.0010665730920089715
353,0.397584,208,0.013013013013013013,0.0016518783427607122
272,0.397006,209,0.014014014014014014,0.0022411813943662502
705,0.396813,210,0.007007007007007007,0.0004285120774741119
257,0.3949,211,0.013013013013013013,0.0013690808469459213
179,0.394425,212,0.011011011011011011,0.0015451386519971279
155,0.393994,213,0.011011011011011011,0.001118079939937961
227,0.39344,214,0.008008008008008008,0.0007071287560853389
96,0.392973,215,0.007007007007007007,0.0006027371550184269
152,0.392906,216,0.01001001001001001,0.0014366197030219222
164,0.391943,217,0.008008008008008008,0.000774815003522448
587,0.391759,218,0.008008008008008008,0.0008070028914432704
269,0.390196,219,0.013013013013013013,0.0015247065349784262
203,0.389265,220,0.01001001001001001,0.0009292330201627618
413,0.389228,221,0.009009009009009009,0.0009440613785500692
311,0.388923,222,0.012012012012012012,0.0014615824352126375
218,0.388769,223,0.009009009009009009,0.0010664063869710119
122,0.388558,224,0.008008008008008008,0.0006566673133238185
169,0.388159,225,0.011011011011011011,0.0012611950000287302
220,0.388079,226,0.01001001001001001,0.0010232286365619726
630,0.388066,227,0.009009009009009009,0.001217593478546677
277,0.385687,228,0.01001001001001001,0.0021363025293153867
390,0.385571,229,0.012012012012012012,0.0012828031280012432
103,0.384857,230,0.008008008008008008,0.0007288568117938937
163,0.384437,231,0.008008008008008008,0.0006657088045399164
176,0.381924,232,0.008008008008008008,0.0007135884516432838
260,0.380225,233,0.01001001001001001,0.0016325850606421807
379,0.379554,234,0.013013013013013013,0.0024937076777221336
355,0.378984,235,0.011011011011011011,0.0011932507411531981
303,0.378914,236,0.009009009009009009,0.0015821318707007056
167,0.377837,237,0.01001001001001001,0.0008249618937080814
177,0.3778,238,0.007007007007007007,0.0005308789549217737
324,0.377781,239,0.006006006006006006,0.0003684245886595737
420,0.37612,240,0.013013013013013013,0.0015295788650995631
180,0.376021,241,0.008008008008008008,0.000935584100477493
485,0.37577,242,0.009009009009009009,0.0011023405940224912
201,0.375694,243,0.01001001001001001,0.0011833790914799012
245,0.375322,244,0.012012012012012012,0.0018291578133409019
282,0.375206,245,0.01001001001001001,0.001199772550027098
109,0.374488,246,0.007007007007007007,0.0004031013170710179
318,0.373713,247,0.009009009009009009,0.0008963567080031973
362,0.37269,248,0.009009009009009009,0.0008367079857122259
187,0.371594,249,0.008008008008008008,0.000467501481257083
464,0.371321,250,0.009009009009009009,0.0007473512189734637
328,0.370846,251,0.009009009009009009,0.0010735305468258052
231,0.370827,252,0.011011011011011011,0.0009928572882777515
281,0.370619,253,0.011011011011011011,0.002304023716621809
377,0.370519,254,0.006006006006006006,0.0002156156546358606
186,0.36836,255,0.01001001001001001,0.00098454800345836
215,0.367474,256,0.009009009009009009,0.0014601428570092322
158,0.366903,257,0.009009009009009009,0.0009086125182010583
238,0.366356,258,0.008008008008008008,0.0006940638164981055
482,0.36628,259,0.011011011011011011,0.001519820752496935
275,0.365834,260,0.008008008008008008,0.0008975521981939665
498,0.365453,261,0.008008008008008008,0.0007956929721401667
142,0.364964,262,0.008008008008008008,0.0007926242572137051
426,0.364237,263,0.007007007007007007,0.0005397520474123834
270,0.364202,264,0.012012012012012012,0.001286739126901218
165,0.364131,265,0.01001001001001001,0.0007416615116960271
232,0.363469,266,0.008008008008008008,0.0006337222145524677
398,0.362351,267,0.007007007007007007,0.000681337112980312
380,0.362169,268,0.011011011011011011,0.0013374278591072437
139,0.36213,269,0.009009009009009009,0.0008281892146441686
325,0.361854,270,0.008008008008008008,0.0005392362267003203
246,0.361034,271,0.008008008008008008,0.0006856686271373982
241,0.360242,272,0.011011011011011011,0.0015202673472048743
361,0.357907,273,0.009009009009009009,0.0015309741310182514
503,0.357394,274,0.013013013013013013,0.0014912530083254188
309,0.357099,275,0.008008008008008008,0.0005947349897094172
333,0.356898,276,0.01001001001001001,0.0010286694054141867
102,0.356759,277,0.009009009009009009,0.000734531501550147
410,0.356747,278,0.008008008008008008,0.0007657740860522895
374,0.356655,279,0.008008008008008008,0.0013584488754596882
304,0.356554,280,0.011011011011011011,0.001472310584333944
542,0.355771,281,0.008008008008008008,0.0009606102893413121
276,0.355343,282,0.013013013013013013,0.001321053176655502
417,0.354812,283,0.013013013013013013,0.0017789974670810035
268,0.353984,284,0.007007007007007007,0.00044959554373715226
419,0.353812,285,0.007007007007007007,0.0005063377151706083
509,0.353776,286,0.007007007007007007,0.0005004036882623908
209,0.353621,287,0.009009009009009009,0.0008156375558665723
237,0.353191,288,0.008008008008008008,0.000767039197384179
173,0.352862,289,0.01001001001001001,0.0010968674225562912
228,0.352794,290,0.01001001001001001,0.0013609196208745553
185,0.352508,291,0.007007007007007007,0.0005062273759371174
290,0.352307,292,0.01001001001001001,0.0014259285721238666
664,0.351331,293,0.005005005005005005,9.65676066079512e-05
217,0.350685,294,0.009009009009009009,0.0006713460228929436
754,0.348999,295,0.007007007007007007,0.0009588299801902184
337,0.347942,296,0.011011011011011011,0.0013717814709383912
493,0.347494,297,0.007007007007007007,0.00041505542146573195
528,0.347072,298,0.007007007007007007,0.0008222432012175036
375,0.346848,299,0.006006006006006006,0.0002131665706490488
444,0.346417,300,0.007007007007007007,0.0008141434943528317
261,0.346237,301,0.009009009009009009,0.0009429134139708733
901,0.346195,302,0.005005005005005005,9.274481136823886e-05
298,0.34496,303,0.008008008008008008,0.0012633565601316502
326,0.344681,304,0.01001001001001001,0.0013152941963007498
343,0.34413,305,0.009009009009009009,0.0007536540066354484
840,0.343063,306,0.005005005005005005,0.00014447315075217655
797,0.342491,307,0.008008008008008008,0.0007861536019729489
382,0.342059,308,0.009009009009009009,0.0008547921947088322
471,0.341437,309,0.01001001001001001,0.000595822099411523
183,0.340732,310,0.009009009009009009,0.0006733800421705233
341,0.340585,311,0.008008008008008008,0.000837556291286221
414,0.339901,312,0.006006006006006006,0.00020884923164711397
286,0.339818,313,0.008008008008008008,0.0005985588637131967
197,0.339491,314,0.006006006006006006,0.0002696910778472744
249,0.339393,315,0.012012012012012012,0.0008687877041508353
299,0.33935,316,0.009009009009009009,0.0011409146249253116
674,0.339075,317,0.011011011011011011,0.0011411389587375376
287,0.338762,318,0.008008008008008008,0.0006855697325568045
625,0.338731,319,0.007007007007007007,0.000771175654340281
571,0.338116,320,0.007007007007007007,0.0006357324964017737
396,0.337668,321,0.009009009009009009,0.0011124659242187237
317,0.337285,322,0.009009009009009009,0.0006672132155390989
312,0.337037,323,0.008008008008008008,0.0007225196131098473
168,0.33633,324,0.007007007007007007,0.00047547813569666613
233,0.335668,325,0.01001001001001001,0.0006950262437443005
308,0.335644,326,0.01001001001001001,0.001136986445429685
130,0.33561,327,0.008008008008008008,0.0008011828053298976
448,0.335489,328,0.009009009009009009,0.0013883549662878805
553,0.334597,329,0.007007007007007007,0.0012669356781242547
536,0.333768,330,0.006006006006006006,0.0003908999781924547
289,0.333727,331,0.01001001001001001,0.0008874114313997338
407,0.333661,332,0.01001001001001001,0.0011995657137822322
423,0.333238,333,0.008008008008008008,0.0008374292276026672
385,0.330969,334,0.011011011011011011,0.0009585327565397731
446,0.330726,335,0.007007007007007007,0.0008090062078322931
314,0.330435,336,0.007007007007007007,0.000768226089177771
349,0.329457,337,0.008008008008008008,0.0013139521437025852
557,0.329432,338,0.007007007007007007,0.00055252497980125
254,0.32914,339,0.007007007007007007,0.0005179501108270608
363,0.328804,340,0.007007007007007007,0.0004246348947729004
178,0.328341,341,0.009009009009009009,0.0013415950406294016
387,0.328036,342,0.008008008008008008,0.0005989712664246572
300,0.327295,343,0.009009009009009009,0.0009140539645910667
636,0.327284,344,0.008008008008008008,0.0006747442206120655
416,0.326577,345,0.008008008008008008,0.001066573752707305
918,0.326526,346,0.006006006006006006,0.0005824322498649899
213,0.326197,347,0.007007007007007007,0.000818258820661115
497,0.325559,348,0.011011011011011011,0.0007303942945296039
539,0.325405,349,0.01001001001001001,0.0013800714647654868
207,0.324639,350,0.007007007007007007,0.0003154336865829237
280,0.324582,351,0.009009009009009009,0.0011173287245400815
320,0.324251,352,0.01001001001001001,0.0008144506109665597
310,0.324066,353,0.009009009009009009,0.0006924143541273645
271,0.322112,354,0.007007007007007007,0.0008486266989099816
316,0.322077,355,0.011011011011011011,0.0017644058975790505
278,0.321651,356,0.011011011011011011,0.001335015294841115
432,0.321551,357,0.006006006006006006,0.00015065799505239397
160,0.320954,358,0.005005005005005005,0.00022107716964799305
412,0.32092,359,0.008008008008008008,0.0006154676185574949
212,0.320789,360,0.008008008008008008,0.0005743027328595879
340,0.320207,361,0.01001001001001001,0.0008225220559496899
560,0.320152,362,0.008008008008008008,0.0008663062659196372
541,0.319791,363,0.009009009009009009,0.0012078406755284547
297,0.319714,364,0.006006006006006006,0.0003928837234682726
457,0.319276,365,0.008008008008008008,0.0007366849866744376
252,0.319161,366,0.006006006006006006,0.0004980076847112512
654,0.318503,367,0.006006006006006006,0.00035278944391541777
433,0.317495,368,0.008008008008008008,0.0005767491219115029
198,0.316614,369,0.007007007007007007,0.0004603428310031544
516,0.316463,370,0.006006006006006006,0.00033628477875036623
292,0.316168,371,0.009009009009009009,0.000882151961657278
409,0.315758,372,0.007007007007007007,0.0010192258389907993
811,0.315429,373,0.005005005005005005,0.00016974884817084527
875,0.314519,374,0.006006006006006006,0.0005158708302889497
354,0.31427,375,0.009009009009009009,0.0008837874237902921
511,0.314262,376,0.008008008008008008,0.0014464718678936389
365,0.313994,377,0.007007007007007007,0.0006644848895612265
540,0.313984,378,0.008008008008008008,0.0006001371611029024
716,0.313944,379,0.005005005005005005,0.0002094689009084098
749,0.313686,380,0.006006006006006006,0.000619514950936743
680,0.313583,381,0.008008008008008008,0.001078054503337084
405,0.3133,382,0.009009009009009009,0.0007901813614042182
378,0.313124,383,0.007007007007007007,0.0005358449425737284
307,0.312717,384,0.008008008008008008,0.0006587910931274718
322,0.312618,385,0.01001001001001001,0.0008618552743835481
357,0.312571,386,0.01001001001001001,0.000747442385191961
330,0.312504,387,0.005005005005005005,0.00026049561356700923
301,0.312376,388,0.009009009009009009,0.0009129603923172542
481,0.312005,389,0.007007007007007007,0.0008783999574499127
291,0.311651,390,0.007007007007007007,0.000759949083783535
267,0.311353,391,0.009009009009009009,0.0005054749737201524
284,0.311317,392,0.007007007007007007,0.00030925660119156376
476,0.310983,393,0.007007007007007007,0.0005769743651954652
450,0.309488,394,0.005005005005005005,0.00019603370182726926
467,0.30922,395,0.008008008008008008,0.0007645891141742443
628,0.309008,396,0.008008008008008008,0.0008203952742563035
345,0.308801,397,0.007007007007007007,0.0010113177729536885
332,0.308772,398,0.008008008008008008,0.0007591182058494364
315,0.308695,399,0.005005005005005005,0.00017345552523361077
443,0.30841,400,0.006006006006006006,0.0004180530313080619
368,0.308293,401,0.008008008008008008,0.0006257549752766772
434,0.30801,402,0.008008008008008008,0.001075910778831215
687,0.308,403,0.006006006006006006,0.00032936593853996724
285,0.307993,404,0.008008008008008008,0.0003581856771183544
293,0.307979,405,0.009009009009009009,0.0007161246212204369
424,0.307949,406,0.006006006006006006,0.00032586463693923083
336,0.307875,407,0.009009009009009009,0.0010941070978781
619,0.307693,408,0.007007007007007007,0.00085181822765968
563,0.307527,409,0.011011011011011011,0.0010490816302940376
599,0.307498,410,0.005005005005005005,0.00012057070507302096
452,0.307494,411,0.006006006006006006,0.0003146958615608582
253,0.307309,412,0.006006006006006006,0.0004919400741784252
427,0.307082,413,0.008008008008008008,0.0005849857315175786
279,0.306977,414,0.009009009009009009,0.000951079203452143
732,0.306954,415,0.005005005005005005,0.0004671478418823459
484,0.306776,416,0.008008008008008008,0.0011125124266155122
566,0.306715,417,0.006006006006006006,0.0005531939533022954
489,0.306376,418,0.009009009009009009,0.000757912858765811
319,0.306166,419,0.007007007007007007,0.00042158803693996056
999,0.306102,420,0.005005005005005005,0.00028563311020976615
629,0.305826,421,0.007007007007007007,0.0005500824245112737
506,0.305503,422,0.006006006006006006,0.0003529096301818634
394,0.305025,423,0.008008008008008008,0.0008693455379418344
255,0.304504,424,0.009009009009009009,0.000630176305847677
273,0.304425,425,0.009009009009009009,0.0006849844713633791
562,0.304174,426,0.007007007007007007,0.0006616429742645163
468,0.303931,427,0.007007007007007007,0.00038556479612779316
793,0.303885,428,0.006006006006006006,0.0003029785562998321
776,0.303869,429,0.005005005005005005,0.0001815453405942478
994,0.303817,430,0.005005005005005005,0.0002364473745657527
425,0.30361,431,0.005005005005005005,0.00013167088299663958
753,0.303453,432,0.008008008008008008,0.001115035148907493
459,0.303395,433,0.007007007007007007,0.0004346192621968926
235,0.30238,434,0.007007007007007007,0.0005740762809333534
913,0.302337,435,0.005005005005005005,0.00020438047303905063
216,0.302326,436,0.007007007007007007,0.0005521081473100356
902,0.302036,437,0.006006006006006006,0.0002790272497551114
313,0.302033,438,0.008008008008008008,0.0005223715207575987
456,0.301904,439,0.008008008008008008,0.0005277795108282466
570,0.301739,440,0.006006006006006006,0.000535844833017277
821,0.301694,441,0.005005005005005005,0.00017041184445292575
402,0.301241,442,0.008008008008008008,0.0008189843424486945
329,0.301111,443,0.008008008008008008,0.0006335538803355807
745,0.300814,444,0.007007007007007007,0.0008371467422311246
904,0.300744,445,0.006006006006006006,0.0004918901539028673
815,0.300345,446,0.005005005005005005,0.00019128505142444366
824,0.300244,447,0.005005005005005005,0.0003631266994939571
461,0.299793,448,0.007007007007007007,0.0005620713938792212
552,0.299722,449,0.006006006006006006,0.0003008491235273173
486,0.299524,450,0.007007007007007007,0.0006488450462043463
460,0.299358,451,0.013013013013013013,0.001436632956929666
274,0.299302,452,0.007007007007007007,0.00048342689931860777
453,0.299116,453,0.007007007007007007,0.0006297791615834589
601,0.299061,454,0.009009009009009009,0.001120834373953604
588,0.29896,455,0.007007007007007007,0.000586204900383498
431,0.298734,456,0.007007007007007007,0.0006127941324667231
438,0.298512,457,0.008008008008008008,0.0007000955045499209
221,0.298496,458,0.007007007007007007,0.0006624155041077582
395,0.298412,459,0.007007007007007007,0.0008991275491155459
504,0.298278,460,0.006006006006006006,0.000383597585135976
597,0.297609,461,0.006006006006006006,0.00030817278686529656
546,0.297565,462,0.006006006006006006,0.00033633242288083094
833,0.297208,463,0.006006006006006006,0.0004739400518641791
393,0.297117,464,0.007007007007007007,0.000275355151641418
721,0.297099,465,0.005005005005005005,0.00018522044101237312
651,0.296762,466,0.007007007007007007,0.000662839746398545
686,0.296741,467,0.009009009009009009,0.0008366576873170034
295,0.296679,468,0.008008008008008008,0.00046551261871573144
439,0.296653,469,0.008008008008008008,0.0005544665642059394
470,0.296522,470,0.006006006006006006,0.00043325852331284846
709,0.295699,471,0.006006006006006006,0.000377572891594219
436,0.295388,472,0.009009009009009009,0.0007882822008381672
817,0.295128,473,0.006006006006006006,0.0005091046367838895
661,0.295122,474,0.007007007007007007,0.0005229303131731657
926,0.295099,475,0.005005005005005005,0.0001790553109599664
339,0.294596,476,0.007007007007007007,0.0005304904060113665
706,0.293576,477,0.006006006006006006,0.0002902249520540831
392,0.293497,478,0.005005005005005005,0.00017481907374224172
533,0.293253,479,0.006006006006006006,0.00040579927295349274
544,0.293238,480,0.007007007007007007,0.0005921927405830657
174,0.293109,481,0.007007007007007007,0.0003336197075637462
731,0.292649,482,0.006006006006006006,0.00044721317488708134
535,0.292332,483,0.008008008008008008,0.001042377854111759
911,0.292171,484,0.005005005005005005,0.0001499818139545355
505,0.291973,485,0.008008008008008008,0.0008726898183961508
512,0.291836,486,0.007007007007007007,0.0006548973355710642
499,0.291828,487,0.01001001001001001,0.0010407881441172283
388,0.291527,488,0.005005005005005005,0.00022081078594963724
960,0.291385,489,0.005005005005005005,0.0001788128442237373
369,0.29075,490,0.006006006006006006,0.00034607366237888716
611,0.29034,491,0.006006006006006006,0.0004862486274607602
338,0.290029,492,0.007007007007007007,0.0007168109563621533
367,0.289979,493,0.006006006006006006,0.00039803126694638885
370,0.289452,494,0.008008008008008008,0.0005163714943271833
645,0.289396,495,0.009009009009009009,0.0008965210730375199
850,0.288654,496,0.005005005005005005,0.000504856841386222
530,0.288537,497,0.007007007007007007,0.00032121632540796927
517,0.288425,498,0.008008008008008008,0.0005138764597028528
762,0.288298,499,0.009009009009009009,0.0008791068341505937
534,0.288163,500,0.007007007007007007,0.0007363341349790756
421,0.28804,501,0.006006006006006006,0.0004462060780814673
465,0.288025,502,0.007007007007007007,0.0006123254491599279
137,0.288022,503,0.007007007007007007,0.000311640220456775
871,0.287749,504,0.005005005005005005,0.0001616158175366728
391,0.287444,505,0.007007007007007007,0.0006314752375871991
608,0.287375,506,0.008008008008008008,0.0007291265671105988
381,0.287367,507,0.006006006006006006,0.000345820976078405
698,0.287317,508,0.006006006006006006,0.00027450827436307585
675,0.287119,509,0.01001001001001001,0.0010901712162638803
371,0.28682,510,0.006006006006006006,0.0004174267931971848
258,0.286717,511,0.006006006006006006,0.0003474355030803761
529,0.286338,512,0.007007007007007007,0.000344405681193356
513,0.286313,513,0.006006006006006006,0.0005687837367608969
955,0.28617,514,0.005005005005005005,0.00024941310120379006
750,0.286091,515,0.007007007007007007,0.000628801514132366
712,0.286041,516,0.007007007007007007,0.00027918007111271047
704,0.286031,517,0.006006006006006006,0.0003591128008178034
547,0.285934,518,0.007007007007007007,0.000953831809724238
631,0.285696,519,0.009009009009009009,0.0010141951148392768
477,0.285165,520,0.007007007007007007,0.00034453371658005647
404,0.284696,521,0.006006006006006006,0.0004853419888835103
288,0.284617,522,0.005005005005005005,0.0001937021953775314
678,0.284609,523,0.007007007007007007,0.0005601610745981636
266,0.284151,524,0.009009009009009009,0.0009747772739871203
726,0.283979,525,0.005005005005005005,0.00022780000050650338
792,0.283736,526,0.005005005005005005,0.00017103278388663803
738,0.283541,527,0.006006006006006006,0.0003679938763353767
373,0.282741,528,0.008008008008008008,0.0006793866462819148
579,0.282552,529,0.009009009009009009,0.000673050006751754
239,0.282188,530,0.007007007007007007,0.0003685863320712386
538,0.281972,531,0.01001001001001001,0.0006199376216225618
397,0.281834,532,0.007007007007007007,0.0005601414868959913
779,0.281597,533,0.005005005005005005,0.00019586511966363724
500,0.281244,534,0.008008008008008008,0.0004903725114222295
646,0.280774,535,0.006006006006006006,0.00021760537947965422
953,0.280567,536,0.005005005005005005,0.00020489874337311829
510,0.280543,537,0.009009009009009009,0.0008350411384163277
559,0.280444,538,0.007007007007007007,0.0004914594447290873
492,0.280024,539,0.005005005005005005,0.00014335194700220295
772,0.279362,540,0.005005005005005005,0.00019858436389305612
922,0.279247,541,0.005005005005005005,0.0002237474786569968
383,0.279246,542,0.006006006006006006,0.000443805498392139
836,0.279204,543,0.006006006006006006,0.00019491367068766102
306,0.278908,544,0.006006006006006006,0.0002814362230891107
612,0.278612,545,0.007007007007007007,0.0005637681522425758
583,0.278572,546,0.008008008008008008,0.0006224041258352006
977,0.278523,547,0.006006006006006006,0.0009937007584492927
869,0.278483,548,0.005005005005005005,0.00015746143968091658
932,0.278403,549,0.005005005005005005,0.00014807962700158926
491,0.278019,550,0.006006006006006006,0.0003214019990840627
920,0.277777,551,0.005005005005005005,0.00021519302134299635
454,0.277668,552,0.008008008008008008,0.000605449074906563
638,0.277265,553,0.007007007007007007,0.0009758876860918446
589,0.277123,554,0.006006006006006006,0.00044283761977403414
681,0.276911,555,0.005005005005005005,0.00017192153456059353
496,0.276868,556,0.009009009009009009,0.00071733958695773
522,0.276862,557,0.007007007007007007,0.00044040998474203884
627,0.276728,558,0.005005005005005005,0.0001688924145265137
622,0.276536,559,0.006006006006006006,0.0002653098661360234
466,0.275872,560,0.009009009009009009,0.0008208666595875427
520,0.27586,561,0.005005005005005005,0.00014813567466630416
755,0.275812,562,0.005005005005005005,0.0001873892950687297
462,0.275656,563,0.008008008008008008,0.00044513852042991816
663,0.275634,564,0.007007007007007007,0.0005789668382300815
514,0.275609,565,0.006006006006006006,0.000546110813073991
350,0.27553,566,0.005005005005005005,0.0001244989559167105
366,0.27547,567,0.005005005005005005,0.00016147909197293867
894,0.275367,568,0.005005005005005005,0.00018936014790922416
634,0.274886,569,0.007007007007007007,0.0006134230083153609
399,0.27464,570,0.01001001001001001,0.0006599469535413146
845,0.274528,571,0.005005005005005005,0.00026203888761307226
321,0.27442,572,0.008008008008008008,0.0003964003380426846
554,0.274418,573,0.006006006006006006,0.00026081228526706623
594,0.274388,574,0.007007007007007007,0.0004236394532295145
435,0.274059,575,0.009009009009009009,0.0007736573597271249
921,0.273701,576,0.006006006006006006,0.00022991598562514964
556,0.273321,577,0.009009009009009009,0.000702360451201468
567,0.273011,578,0.006006006006006006,0.0005873724154242297
803,0.273005,579,0.005005005005005005,0.0002701698273890725
632,0.272659,580,0.008008008008008008,0.0003665250986980731
524,0.272635,581,0.006006006006006006,0.00032406015658204045
527,0.272573,582,0.006006006006006006,0.0005662206726379702
863,0.272468,583,0.005005005005005005,0.00029318157607447463
673,0.27233,584,0.007007007007007007,0.0009302374860040073
478,0.271997,585,0.006006006006006006,0.0006679231820654253
550,0.271739,586,0.007007007007007007,0.0008864326008171431
965,0.271674,587,0.006006006006006006,0.00024470190531091743
305,0.270978,588,0.006006006006006006,0.0005329702645955393
603,0.270745,589,0.007007007007007007,0.00040869288813377756
896,0.270641,590,0.006006006006006006,0.0005854117197280641
598,0.270341,591,0.006006006006006006,0.0003918197987477936
360,0.269924,592,0.009009009009009009,0.0005486889223241061
691,0.269451,593,0.005005005005005005,0.00029834888682356417
991,0.269409,594,0.005005005005005005,0.0002549395790349594
954,0.269228,595,0.005005005005005005,0.00039789390907669453
490,0.269184,596,0.007007007007007007,0.00040344707176674405
848,0.26879,597,0.007007007007007007,0.0006633445821614979
751,0.268667,598,0.009009009009009009,0.0006564414077429158
430,0.268546,599,0.009009009009009009,0.0006414773714667096
488,0.268529,600,0.007007007007007007,0.00043432677976938737
296,0.268491,601,0.006006006006006006,0.00029914704788862356
752,0.268071,602,0.007007007007007007,0.0007348533954458442
342,0.267766,603,0.005005005005005005,0.0001636225998821936
568,0.267663,604,0.008008008008008008,0.0008706655899965082
933,0.267608,605,0.006006006006006006,0.0002454953895133922
877,0.267568,606,0.005005005005005005,0.00027624898208321194
508,0.267444,607,0.005005005005005005,0.00014918077179154363
327,0.267025,608,0.008008008008008008,0.0005536528446740079
997,0.266932,609,0.005005005005005005,0.00023309058161712805
487,0.266823,610,0.006006006006006006,0.0003855773747829395
868,0.266544,611,0.005005005005005005,0.0002047002762098121
384,0.266365,612,0.009009009009009009,0.0005626860630176009
662,0.266264,613,0.008008008008008008,0.0005601529185319271
697,0.266148,614,0.005005005005005005,0.0002848151609920785
609,0.265985,615,0.006006006006006006,0.0003921670077098222
857,0.265724,616,0.005005005005005005,0.00017006514341274027
624,0.265222,617,0.006006006006006006,0.0003725554238165163
768,0.264573,618,0.007007007007007007,0.0006488269532396485
785,0.264452,619,0.005005005005005005,0.0001991744124577867
781,0.264019,620,0.005005005005005005,0.00013701020930498173
408,0.263996,621,0.006006006006006006,0.0006373018188369921
794,0.263884,622,0.005005005005005005,0.00015430410926341103
294,0.263882,623,0.006006006006006006,0.0003002964163149308
808,0.263526,624,0.005005005005005005,0.00014394334490726326
479,0.263258,625,0.006006006006006006,0.0003608373188381586
647,0.263067,626,0.005005005005005005,0.00015717001122744423
344,0.262401,627,0.007007007007007007,0.0003733743685045503
389,0.262236,628,0.007007007007007007,0.00044931529837633725
575,0.262217,629,0.007007007007007007,0.00037682275323498254
659,0.261652,630,0.005005005005005005,0.0002557154035182174
945,0.261316,631,0.005005005005005005,0.000126189662293092
623,0.260857,632,0.005005005005005005,0.0002405565569666348
656,0.260728,633,0.005005005005005005,0.0002918673140017
714,0.260532,634,0.006006006006006006,0.0004909903319224711
702,0.260476,635,0.007007007007007007,0.0007815110182533508
437,0.259782,636,0.008008008008008008,0.000495510099595189
764,0.259723,637,0.006006006006006006,0.00032075830874298054
666,0.259418,638,0.006006006006006006,0.0002083562589668741
372,0.259368,639,0.006006006006006006,0.00029520512747258163
881,0.259063,640,0.006006006006006006,0.0005434460655690122
701,0.258343,641,0.006006006006006006,0.00033246839529391017
859,0.257719,642,0.005005005005005005,0.00017538238581771412
555,0.257592,643,0.007007007007007007,0.0006622940404630818
878,0.257572,644,0.007007007007007007,0.0004234365602287942
359,0.257548,645,0.007007007007007007,0.00048033530786441834
944,0.257486,646,0.006006006006006006,0.0007744481044005988
802,0.257439,647,0.005005005005005005,0.0002654021761507886
847,0.257374,648,0.005005005005005005,0.0001592196819724177
473,0.257259,649,0.007007007007007007,0.00046256198915232483
774,0.25668,650,0.005005005005005005,0.00022283435723628953
418,0.256662,651,0.007007007007007007,0.0005141063015162713
518,0.256647,652,0.005005005005005005,0.0001577364944223409
812,0.256646,653,0.005005005005005005,0.00012221129416642475
733,0.256353,654,0.005005005005005005,0.0001641206185700406
576,0.256319,655,0.007007007007007007,0.000296468457214031
884,0.256268,656,0.005005005005005005,0.00021426438867629596
210,0.256182,657,0.007007007007007007,0.0006561248370624959
657,0.256078,658,0.006006006006006006,0.00049424314802226
891,0.25582,659,0.005005005005005005,0.0002703779219122965
613,0.255694,660,0.005005005005005005,0.00023355694007528964
501,0.255581,661,0.006006006006006006,0.0002461893566228878
652,0.255578,662,0.006006006006006006,0.00045754401639653755
449,0.255322,663,0.006006006006006006,0.00031588491528459486
428,0.255276,664,0.007007007007007007,0.0003351839137826625
769,0.255068,665,0.005005005005005005,0.00024649528764175314
442,0.254673,666,0.009009009009009009,0.0008697024114650927
758,0.254593,667,0.005005005005005005,0.00035824429917298117
784,0.254507,668,0.005005005005005005,0.00032647729518730655
690,0.254304,669,0.005005005005005005,0.00017103624036675984
725,0.254278,670,0.006006006006006006,0.00030911478312802573
472,0.254197,671,0.005005005005005005,0.00011373203511302569
592,0.254083,672,0.005005005005005005,0.00015966242636601175
352,0.253892,673,0.006006006006006006,0.00038035870144777337
582,0.253848,674,0.006006006006006006,0.00029257893865597585
495,0.253846,675,0.006006006006006006,0.000290270280932257
400,0.253663,676,0.006006006006006006,0.00021226404531173983
483,0.253642,677,0.009009009009009009,0.0007661168228487931
952,0.253191,678,0.005005005005005005,0.000141694992890656
586,0.25315,679,0.007007007007007007,0.00046692419624731426
364,0.252892,680,0.005005005005005005,0.00019958332187619408
515,0.25287,681,0.005005005005005005,0.00023707606662011103
931,0.252815,682,0.005005005005005005,0.00021030773829377322
947,0.252578,683,0.005005005005005005,0.000174599340966107
440,0.252566,684,0.007007007007007007,0.0007348904650456272
469,0.252304,685,0.005005005005005005,0.00023387731663782396
685,0.251977,686,0.006006006006006006,0.000381148632361447
760,0.251753,687,0.006006006006006006,0.00039393568344055837
831,0.251565,688,0.006006006006006006,0.0005963378326821481
756,0.251425,689,0.006006006006006006,0.0003298648657880705
747,0.251204,690,0.007007007007007007,0.00073519436885317
545,0.250995,691,0.005005005005005005,0.00025706898213446723
982,0.250966,692,0.005005005005005005,0.00013294323068443225
695,0.25096,693,0.007007007007007007,0.0003282970098130488
211,0.250737,694,0.005005005005005005,0.0001550011436892589
961,0.250334,695,0.005005005005005005,0.00030816260760474577
593,0.249553,696,0.006006006006006006,0.00033315134574461
914,0.24925,697,0.005005005005005005,0.00017823853015083054
964,0.249123,698,0.005005005005005005,0.00032393753379004526
689,0.248517,699,0.008008008008008008,0.0003949145242415734
805,0.248409,700,0.005005005005005005,0.00017526872592205604
549,0.248268,701,0.008008008008008008,0.0006026972193573361
626,0.247937,702,0.006006006006006006,0.00039560396715481827
846,0.247336,703,0.006006006006006006,0.0008038290817170327
829,0.247073,704,0.005005005005005005,0.00021151480872118276
710,0.246829,705,0.005005005005005005,0.0002047159277371145
693,0.246721,706,0.007007007007007007,0.0004031201313538271
807,0.24663,707,0.006006006006006006,0.0005018350451190376
757,0.24655,708,0.005005005005005005,0.00020504306232998405
415,0.246394,709,0.007007007007007007,0.00030060684502766213
986,0.24573,710,0.005005005005005005,0.00036099943140700466
908,0.245439,711,0.005005005005005005,0.0003339008028508336
618,0.245287,712,0.006006006006006006,0.0003583239224583578
841,0.245281,713,0.007007007007007007,0.00046075719703530285
855,0.245053,714,0.006006006006006006,0.00025386282143199175
893,0.245021,715,0.005005005005005005,0.0003234013507354355
635,0.24498,716,0.005005005005005005,0.00018690421926105189
606,0.244944,717,0.005005005005005005,0.00015743002922576622
265,0.244883,718,0.008008008008008008,0.0005158028293097592
773,0.244876,719,0.006006006006006006,0.0004119341774786658
551,0.243996,720,0.005005005005005005,0.00016528458101941463
851,0.243926,721,0.005005005005005005,0.00031958160357265555
886,0.243875,722,0.005005005005005005,0.0003291665541370911
600,0.243657,723,0.006006006006006006,0.00026951321527974713
621,0.243634,724,0.007007007007007007,0.00039660344257961324
502,0.243527,725,0.007007007007007007,0.00038159443833656384
820,0.243472,726,0.006006006006006006,0.00022264303404416098
403,0.243032,727,0.007007007007007007,0.00016614631222180062
683,0.242976,728,0.006006006006006006,0.0007516830622202874
463,0.242967,729,0.007007007007007007,0.0009266403744431188
323,0.242952,730,0.007007007007007007,0.0003629056105456959
458,0.242928,731,0.007007007007007007,0.0003241845808336639
602,0.242861,732,0.008008008008008008,0.00022863835859566667
842,0.242749,733,0.005005005005005005,0.00032596795362136257
984,0.242394,734,0.005005005005005005,0.00016610748139701622
796,0.242138,735,0.005005005005005005,0.00020193401499270903
856,0.242066,736,0.006006006006006006,0.0004804080940865158
447,0.241545,737,0.008008008008008008,0.0006778143912934182
737,0.240953,738,0.005005005005005005,0.00015800714906825258
616,0.240901,739,0.007007007007007007,0.0005249089605994476
958,0.240884,740,0.005005005005005005,0.0003189040386177303
429,0.240215,741,0.006006006006006006,0.00017590078822122898
729,0.240109,742,0.008008008008008008,0.0005415018938751177
860,0.238927,743,0.005005005005005005,0.0003388168999172819
692,0.238573,744,0.005005005005005005,0.00018554181578316986
347,0.238564,745,0.006006006006006006,0.0004361704164452554
806,0.238542,746,0.006006006006006006,0.0002977624720805639
525,0.238236,747,0.006006006006006006,0.00019948435524617445
445,0.238097,748,0.007007007007007007,0.00037307801800880587
401,0.238015,749,0.005005005005005005,0.00024562883495935064
939,0.237989,750,0.005005005005005005,0.00040881695594433925
590,0.237738,751,0.008008008008008008,0.0005592087664746893
574,0.237703,752,0.007007007007007007,0.0004574847901487647
763,0.237608,753,0.006006006006006006,0.00042333670370522415
649,0.237578,754,0.005005005005005005,0.00011856036103432948
822,0.237515,755,0.005005005005005005,0.00016121105816463286
532,0.236574,756,0.006006006006006006,0.00035343852817502333
707,0.2365,757,0.007007007007007007,0.0005156289752602457
936,0.236339,758,0.005005005005005005,0.0002824410081011522
658,0.236142,759,0.006006006006006006,0.00043603206657449997
895,0.235498,760,0.005005005005005005,0.0003989616056139828
879,0.235322,761,0.005005005005005005,0.0002497953559034009
422,0.234969,762,0.006006006006006006,0.00037379413836838635
917,0.23493,763,0.005005005005005005,0.00019688007620520634
988,0.234625,764,0.005005005005005005,0.0002414772773655804
451,0.234211,765,0.008008008008008008,0.0005973251171508926
974,0.234074,766,0.005005005005005005,0.0002094503687020605
835,0.233558,767,0.005005005005005005,0.00021809220051194426
743,0.233399,768,0.005005005005005005,0.00033551147791798625
411,0.233188,769,0.006006006006006006,0.00041113820925028194
956,0.232885,770,0.005005005005005005,0.0002513593504000931
665,0.232794,771,0.006006006006006006,0.0004077017345866966
744,0.232765,772,0.006006006006006006,0.0006070808846451914
668,0.232336,773,0.005005005005005005,0.00018802478886428673
617,0.232287,774,0.006006006006006006,0.00028627033332653557
761,0.232255,775,0.005005005005005005,0.00017946375184600398
643,0.231821,776,0.006006006006006006,0.0003125304019367588
637,0.231766,777,0.005005005005005005,0.0002650160737323419
595,0.231185,778,0.005005005005005005,0.00015563846029448673
591,0.230594,779,0.006006006006006006,0.0003337308920597326
923,0.230388,780,0.005005005005005005,0.0003026602638544822
940,0.230312,781,0.007007007007007007,0.0007122726200735341
972,0.230147,782,0.005005005005005005,0.00013345995245613688
746,0.22924,783,0.005005005005005005,0.00034754455465050253
699,0.229004,784,0.007007007007007007,0.0003618281766287128
671,0.228923,785,0.006006006006006006,0.0003629834284915706
765,0.228811,786,0.006006006006006006,0.0005117225774823784
925,0.228581,787,0.005005005005005005,0.0002398079009992309
722,0.228559,788,0.005005005005005005,0.00016660561126993816
898,0.228364,789,0.005005005005005005,0.00018009853921170397
767,0.228266,790,0.006006006006006006,0.00029795586053735066
800,0.227662,791,0.006006006006006006,0.00025181128621502787
787,0.227584,792,0.006006006006006006,0.0003837331227724959
759,0.227337,793,0.005005005005005005,0.0001840621767558213
777,0.226685,794,0.005005005005005005,0.00019475957267375447
897,0.225576,795,0.006006006006006006,0.0002726284891007818
827,0.225337,796,0.006006006006006006,0.00017220673843143248
971,0.224788,797,0.005005005005005005,0.00011582937722549695
888,0.22436,798,0.005005005005005005,0.000124486268669496
862,0.224329,799,0.005005005005005005,0.00011692697326083457
834,0.222915,800,0.005005005005005005,0.0003019548595767508
783,0.222697,801,0.005005005005005005,0.00019251835931838467
998,0.2226,802,0.005005005005005005,0.00031713374431039374
648,0.222329,803,0.005005005005005005,0.000255599885449152
981,0.222183,804,0.005005005005005005,0.0001988097659499844
814,0.222039,805,0.005005005005005005,0.00034425465631190017
801,0.222,806,0.005005005005005005,0.00017802504350151915
521,0.221726,807,0.006006006006006006,0.0002889687704239888
832,0.221638,808,0.005005005005005005,0.000173848103292683
655,0.221508,809,0.005005005005005005,0.00013932003534193447
818,0.220875,810,0.006006006006006006,0.00018762782970786545
876,0.220831,811,0.005005005005005005,0.00033790743063946905
980,0.220677,812,0.005005005005005005,0.0002503451081122299
828,0.220541,813,0.005005005005005005,0.00016494180675161535
577,0.220336,814,0.005005005005005005,0.00025192706545971744
604,0.220136,815,0.005005005005005005,0.0002036767488093174
778,0.219712,816,0.005005005005005005,0.0003000381363755676
813,0.219669,817,0.005005005005005005,0.00019203652708419598
996,0.219656,818,0.005005005005005005,0.00018395048645968964
906,0.219651,819,0.005005005005005005,0.0002000115550287272
572,0.219532,820,0.006006006006006006,0.0004193100235591129
713,0.219513,821,0.006006006006006006,0.0002976422187097532
819,0.219227,822,0.005005005005005005,0.0001414521879506323
816,0.218832,823,0.005005005005005005,0.0005047354302315959
715,0.218678,824,0.005005005005005005,0.00023224254403452684
585,0.218538,825,0.007007007007007007,0.0003691896035121404
798,0.218213,826,0.005005005005005005,0.00021015620350384463
985,0.218076,827,0.005005005005005005,0.00013568935857634227
694,0.217952,828,0.006006006006006006,0.0003189193265742927
475,0.217673,829,0.005005005005005005,0.00038853689373071935
653,0.217239,830,0.006006006006006006,0.0003492813346826381
741,0.216997,831,0.006006006006006006,0.0004177309145731495
441,0.216681,832,0.006006006006006006,0.00020159268984472117
727,0.216097,833,0.006006006006006006,0.0004014722573198617
910,0.215972,834,0.005005005005005005,0.00020851353358853077
967,0.215871,835,0.005005005005005005,0.00029923134056247417
969,0.215648,836,0.005005005005005005,0.00034497430106304234
735,0.215474,837,0.006006006006006006,0.000481249145030332
970,0.215412,838,0.005005005005005005,9.488515747617768e-05
633,0.214589,839,0.005005005005005005,0.00027398367942370116
838,0.214232,840,0.005005005005005005,0.00017125497474267934
578,0.214121,841,0.006006006006006006,0.0002682133715054875
386,0.213739,842,0.007007007007007007,0.00033998639537700996
730,0.213471,843,0.006006006006006006,0.00039684686678524456
650,0.213425,844,0.005005005005005005,0.00025265609056797405
667,0.21336,845,0.005005005005005005,0.00018289117609203128
670,0.213062,846,0.005005005005005005,0.0001693866584706537
660,0.212878,847,0.008008008008008008,0.00039447312871688204
789,0.212671,848,0.006006006006006006,0.00029916658844072027
719,0.21198,849,0.006006006006006006,0.00038359135826116685
507,0.211937,850,0.005005005005005005,0.00022370239786475183
957,0.211768,851,0.005005005005005005,0.00019517328142341122
640,0.211457,852,0.006006006006006006,0.0005087108940549566
975,0.21108,853,0.005005005005005005,0.00014133534639073348
905,0.210609,854,0.005005005005005005,0.000253013150286639
892,0.210403,855,0.005005005005005005,0.00035934044001586883
983,0.210314,856,0.005005005005005005,0.00016829420465440468
874,0.21009,857,0.005005005005005005,0.00019097111413209233
523,0.210056,858,0.006006006006006006,0.000352621872965104
826,0.210044,859,0.005005005005005005,0.0002561408593422077
928,0.209245,860,0.005005005005005005,0.00016231640451775742
790,0.209125,861,0.006006006006006006,0.0003255300981665324
919,0.208911,862,0.005005005005005005,0.0002204846275720116
843,0.208492,863,0.005005005005005005,0.0003703019366375433
825,0.20805,864,0.006006006006006006,0.0002605126277896607
610,0.208039,865,0.005005005005005005,0.0003107180267676614
455,0.208007,866,0.005005005005005005,0.00016994508383897354
717,0.207603,867,0.005005005005005005,0.00012563369547960375
605,0.207383,868,0.008008008008008008,0.00036607592134464776
720,0.20736,869,0.006006006006006006,0.0002173306088935245
335,0.207301,870,0.005005005005005005,0.000166848286473814
771,0.206617,871,0.005005005005005005,0.0001658285249941777
968,0.206175,872,0.005005005005005005,0.0001524666948785753
844,0.206056,873,0.005005005005005005,0.00020577084178061825
526,0.205958,874,0.005005005005005005,0.00013794997990237938
494,0.205792,875,0.006006006006006006,0.00017518889236393736
948,0.20556,876,0.005005005005005005,0.00017829153146129594
565,0.205168,877,0.007007007007007007,0.0003661043633224098
890,0.205009,878,0.005005005005005005,0.0002294347094643186
724,0.203789,879,0.006006006006006006,0.00037621985156624575
950,0.20342,880,0.005005005005005005,0.00020515275295796586
703,0.203234,881,0.005005005005005005,0.00020638433649866565
823,0.203175,882,0.005005005005005005,0.0002046170312638304
620,0.203157,883,0.005005005005005005,0.00013547402612080272
943,0.202958,884,0.005005005005005005,0.0001891252487923588
573,0.202676,885,0.005005005005005005,0.00015530466975990565
734,0.202247,886,0.005005005005005005,0.0001756299013038971
406,0.201842,887,0.006006006006006006,0.00014127455472077508
839,0.201295,888,0.005005005005005005,0.00016250106945598543
672,0.200941,889,0.005005005005005005,0.00032046928892787114
677,0.200637,890,0.005005005005005005,0.00017885195087994745
770,0.200291,891,0.005005005005005005,0.00022029332487893787
830,0.200274,892,0.005005005005005005,0.00026301430523743624
880,0.20014,893,0.005005005005005005,0.00020718205431115723
711,0.199163,894,0.007007007007007007,0.0005238556346214223
543,0.198533,895,0.006006006006006006,0.0003258977541614153
644,0.19838,896,0.007007007007007007,0.00030205245346433794
854,0.198336,897,0.005005005005005005,0.0002071466335848253
584,0.197588,898,0.005005005005005005,0.00017499078060121965
614,0.197105,899,0.006006006006006006,0.0003373912113020175
949,0.196778,900,0.005005005005005005,0.00021363401470593426
987,0.19668,901,0.005005005005005005,0.00010356076477983598
474,0.196673,902,0.006006006006006006,0.00039818864140940704
973,0.196243,903,0.005005005005005005,0.0003226022640413825
929,0.196125,904,0.005005005005005005,0.00022708556855953186
941,0.196104,905,0.005005005005005005,0.00019627554679051913
700,0.195911,906,0.005005005005005005,0.00014623313533504981
519,0.195846,907,0.005005005005005005,0.00014247339541251694
607,0.195734,908,0.006006006006006006,0.00030921662053415305
561,0.195343,909,0.006006006006006006,0.00016867122276816273
684,0.195169,910,0.005005005005005005,0.000156817097204739
810,0.194903,911,0.005005005005005005,0.0001571510796913663
581,0.194156,912,0.006006006006006006,0.0003003581711419283
912,0.193922,913,0.005005005005005005,0.00011074486576300483
992,0.193665,914,0.005005005005005005,0.00017465426919240776
569,0.193598,915,0.007007007007007007,0.0002468046103463539
979,0.192965,916,0.005005005005005005,0.0004409498240610569
883,0.192584,917,0.005005005005005005,0.000200062897373617
558,0.192309,918,0.005005005005005005,0.0001609230576887402
641,0.192018,919,0.006006006006006006,0.00031134990329019713
718,0.191729,920,0.007007007007007007,0.00042081454888706236
642,0.191608,921,0.006006006006006006,0.00024930954354306155
708,0.190994,922,0.005005005005005005,0.0001232994757510521
930,0.190954,923,0.005005005005005005,0.0005992529229039075
791,0.190424,924,0.005005005005005005,0.00020866405354108385
580,0.19001,925,0.006006006006006006,0.0002342346523236082
596,0.189887,926,0.007007007007007007,0.000416108111374025
849,0.189057,927,0.005005005005005005,0.00020209549926214504
531,0.188936,928,0.005005005005005005,0.00011192474947155592
676,0.18846,929,0.005005005005005005,0.00013935915545890837
679,0.188123,930,0.005005005005005005,0.00023476312703471738
688,0.187882,931,0.005005005005005005,0.00019920188715719277
804,0.187611,932,0.005005005005005005,0.00018240452626897574
723,0.187261,933,0.005005005005005005,0.0004518751625120261
990,0.186409,934,0.005005005005005005,0.00020808917169328498
809,0.186381,935,0.005005005005005005,6.291799520589387e-05
799,0.186276,936,0.006006006006006006,0.00035243069790514425
740,0.186185,937,0.006006006006006006,0.00026616433422841827
873,0.185961,938,0.005005005005005005,0.00024571721519722663
739,0.185923,939,0.005005005005005005,0.00019871907295725803
889,0.185405,940,0.005005005005005005,0.0004928287665674324
358,0.185034,941,0.006006006006006006,0.00019563206194208902
696,0.184731,942,0.006006006006006006,0.0003526398446863312
861,0.184659,943,0.006006006006006006,0.00021588085982277963
993,0.184563,944,0.005005005005005005,0.00019664908716630466
564,0.184253,945,0.005005005005005005,0.00018905855554235382
870,0.183583,946,0.005005005005005005,0.0001916516942383056
903,0.183461,947,0.005005005005005005,0.00016584574048815402
682,0.183385,948,0.006006006006006006,0.00014804697547819527
548,0.182764,949,0.005005005005005005,0.00012578931198643968
938,0.182194,950,0.006006006006006006,0.00026213398633205743
962,0.181236,951,0.005005005005005005,0.00030609150286087846
995,0.180435,952,0.005005005005005005,0.00023265896104598117
937,0.180126,953,0.005005005005005005,0.0001908447246687918
795,0.179652,954,0.006006006006006006,0.00016665763074935483
978,0.179593,955,0.005005005005005005,0.0002970472668848448
951,0.179427,956,0.005005005005005005,0.00028368898484619715
615,0.179341,957,0.005005005005005005,0.00016437214818753855
780,0.179194,958,0.005005005005005005,0.0001285407624440582
866,0.178777,959,0.005005005005005005,0.0002068864474101125
742,0.178769,960,0.005005005005005005,0.0002169083565762385
782,0.17845,961,0.005005005005005005,0.0002640967349276159
916,0.178133,962,0.005005005005005005,0.0002231928577141258
899,0.17786,963,0.005005005005005005,0.0001742992843732994
935,0.177853,964,0.005005005005005005,0.0001720040992586226
669,0.176996,965,0.005005005005005005,0.00019071969241103544
959,0.176717,966,0.005005005005005005,0.00021279739228609508
976,0.176058,967,0.005005005005005005,0.00018511856363907087
885,0.175628,968,0.005005005005005005,0.00016390202986394132
480,0.174223,969,0.005005005005005005,0.000122146537031457
915,0.174158,970,0.005005005005005005,0.0001933299317478082
852,0.172346,971,0.005005005005005005,0.00013479890494383853
963,0.172186,972,0.005005005005005005,0.00013568968798404664
966,0.171547,973,0.005005005005005005,0.00014319787771467117
872,0.170767,974,0.005005005005005005,0.0002096459035609937
864,0.17052,975,0.006006006006006006,0.00027979627174654645
867,0.16993,976,0.005005005005005005,0.00014193397084979925
766,0.169734,977,0.005005005005005005,0.00012860933922384147
942,0.169454,978,0.005005005005005005,0.00014207143628828546
786,0.169281,979,0.006006006006006006,0.00023250254313263196
882,0.168062,980,0.005005005005005005,0.00016608250783576827
775,0.167256,981,0.005005005005005005,0.0001591149012982372
909,0.163004,982,0.005005005005005005,0.00012892097913997773
639,0.16261,983,0.006006006006006006,0.00014673742349589943
924,0.162459,984,0.005005005005005005,0.00025647491019373513
788,0.161718,985,0.006006006006006006,0.0001834428668410143
934,0.159632,986,0.005005005005005005,0.00012118408284618931
853,0.159047,987,0.006006006006006006,0.0003314108276491377
887,0.156679,988,0.005005005005005005,7.785309621900324e-05
865,0.156355,989,0.005005005005005005,0.0002579740763264636
537,0.155877,990,0.005005005005005005,0.00011503411010468184
858,0.155864,991,0.005005005005005005,0.0003176551082520818
728,0.155352,992,0.005005005005005005,0.00013889494341202312
946,0.152778,993,0.005005005005005005,0.00020941812735109135
748,0.151506,994,0.006006006006006006,0.00017710505147184078
837,0.148462,995,0.005005005005005005,0.0001490227068830271
907,0.143423,996,0.005005005005005005,0.00014317414207850218
927,0.140263,997,0.005005005005005005,0.00016979456877790143
736,0.136335,998,0.005005005005005005,0.00020981374929421212
900,0.128917,999,0.005005005005005005,0.0001651974458625508
989,0.123527,1000,0.005005005005005005,0.00013069787593911317
