,Seed 0,Seed 4,Seed 9,Seed 14,Seed 15,Seed 24,Seed 25,Seed 29,Seed 30,Seed 34,Seed 40,Seed 41,Seed 45,Seed 46,Seed 47,Seed 53,Seed 55,Seed 61,Seed 62,Seed 74,Seed 78,Seed 83,Seed 91,Seed 96,Seed 97,Seed 1,Seed 3,Seed 10,Seed 20,Seed 35,Seed 65,Seed 67,Seed 75,Seed 79,Seed 82,Seed 84,Seed 90,Seed 93,Seed 95,Seed 2,Seed 7,Seed 22,Seed 26,Seed 27,Seed 38,Seed 39,Seed 50,Seed 57,Seed 63,Seed 69,Seed 88,Seed 92,Seed 94,Seed 19,Seed 28,Seed 54,Seed 72,Seed 89,Seed 13,Seed 42,Seed 49,Seed 58,Seed 77,Seed 5,Seed 21,Seed 37,Seed 48,Seed 59,Seed 70,Seed 73,Seed 86,Seed 6,Seed 8,Seed 11,Seed 17,Seed 18,Seed 68,Seed 76,Seed 80,Seed 98,Seed 52,Seed 87,Seed 23,Seed 36,Seed 85,Seed 43,Seed 51,Seed 56,Seed 60,Seed 31,Seed 66,Seed 81,Seed 12,Seed 16,Seed 64,Seed 71,Seed 99,Seed 44,Seed 32,Seed 33
sigma_0,1.000000,0.854555,0.854405,0.857043,0.854762,0.858305,0.854228,0.855279,0.853468,0.854180,0.856284,0.855859,0.854485,0.853899,0.855762,0.855073,0.853664,0.854311,0.854620,0.852559,0.855379,0.854450,0.854026,0.854301,0.853919,0.851164,0.851522,0.851153,0.851027,0.850878,0.851115,0.851475,0.850896,0.850796,0.850903,0.851060,0.850994,0.850873,0.851035,0.851128,0.851318,0.850960,0.851053,0.850939,0.850883,0.851607,0.850989,0.850882,0.851252,0.850871,0.850981,0.851215,0.851174,0.851619,0.850985,0.850875,0.851028,0.850897,0.851155,0.850888,0.851326,0.850957,0.850846,0.851132,0.850741,0.851193,0.851184,0.851117,0.851086,0.850897,0.851092,0.850968,0.850974,0.850996,0.850942,0.850917,0.851013,0.851069,0.851048,0.851019,0.851399,0.851738,0.850932,0.850841,0.850865,0.851184,0.850827,0.850904,0.851441,0.850832,0.851036,0.851259,0.850897,0.851158,0.850987,0.850933,0.850797,0.851316,0.850865,0.851028
sigma_4,0.803880,1.000000,0.800154,0.808341,0.800645,0.800445,0.800338,0.800707,0.800165,0.800410,0.800795,0.800286,0.800562,0.800352,0.800338,0.800604,0.800442,0.800505,0.805414,0.800253,0.806240,0.800474,0.800508,0.804935,0.800316,0.800821,0.800610,0.800191,0.805266,0.800248,0.800685,0.806228,0.804180,0.800256,0.800414,0.804667,0.800378,0.800246,0.800269,0.800956,0.800921,0.800506,0.804846,0.803972,0.800322,0.800633,0.800362,0.800441,0.806811,0.800163,0.800568,0.805481,0.800471,0.800480,0.803288,0.800259,0.804808,0.800547,0.805335,0.806150,0.807126,0.805020,0.804416,0.800551,0.800378,0.800439,0.800309,0.800462,0.800272,0.800631,0.800488,0.800213,0.800877,0.800284,0.800316,0.800518,0.800258,0.800005,0.800544,0.800081,0.800642,0.800568,0.800606,0.800365,0.800151,0.800399,0.800116,0.800202,0.800459,0.800401,0.800481,0.800419,0.800111,0.800511,0.800309,0.800287,0.800543,0.800667,0.800975,0.800403
sigma_9,0.800076,0.796502,1.000000,0.796702,0.796874,0.796714,0.796825,0.796804,0.796782,0.796695,0.797193,0.796660,0.796669,0.796799,0.796694,0.796793,0.796454,0.801300,0.796732,0.798904,0.797141,0.796906,0.796787,0.796626,0.801064,0.796406,0.796509,0.796862,0.796542,0.799416,0.796454,0.796443,0.796842,0.796800,0.796840,0.796730,0.796467,0.796520,0.796424,0.797016,0.802086,0.796767,0.801627,0.796631,0.796778,0.796407,0.796637,0.796545,0.796644,0.799502,0.796760,0.796392,0.796807,0.796878,0.796531,0.796686,0.796547,0.796820,0.796761,0.796502,0.796725,0.796524,0.796630,0.796998,0.797000,0.802542,0.801183,0.802079,0.802112,0.797231,0.796922,0.800029,0.796945,0.802949,0.796446,0.796872,0.796554,0.799588,0.796815,0.796684,0.796980,0.796782,0.796473,0.796454,0.796977,0.801681,0.799547,0.800867,0.802861,0.796552,0.796737,0.796949,0.796460,0.796648,0.796691,0.796536,0.796862,0.796686,0.796452,0.796754
sigma_14,0.658890,0.660861,0.652868,1.000000,0.653329,0.653941,0.653290,0.652976,0.652806,0.659903,0.653346,0.653233,0.653421,0.652976,0.653242,0.653369,0.653147,0.652824,0.653251,0.656542,0.653652,0.653048,0.652949,0.653889,0.652795,0.662991,0.653350,0.653821,0.653323,0.653178,0.654005,0.653426,0.653003,0.653013,0.652906,0.653427,0.653281,0.658256,0.653283,0.653001,0.653466,0.652824,0.652936,0.652869,0.652868,0.667520,0.652536,0.652665,0.652816,0.652574,0.652738,0.652750,0.652957,0.653151,0.652935,0.652700,0.652913,0.653606,0.660548,0.652966,0.653142,0.652917,0.652752,0.652754,0.652883,0.652885,0.653064,0.652947,0.652687,0.652878,0.652976,0.658409,0.652778,0.653212,0.652836,0.653883,0.653089,0.652803,0.652964,0.652849,0.659742,0.667566,0.653177,0.652623,0.652493,0.652807,0.652566,0.652888,0.652929,0.652706,0.663214,0.653076,0.653020,0.652868,0.653740,0.652552,0.653092,0.660407,0.652492,0.652656
sigma_15,0.791171,0.787729,0.787610,0.787898,1.000000,0.787613,0.791698,0.787320,0.787528,0.787824,0.787482,0.788051,0.787480,0.787692,0.787438,0.793571,0.787529,0.787326,0.787565,0.787444,0.793733,0.787388,0.787646,0.792291,0.787417,0.793673,0.793204,0.787683,0.787622,0.790213,0.788002,0.787763,0.787351,0.787450,0.787382,0.787482,0.787475,0.787362,0.787414,0.787729,0.787829,0.787350,0.787626,0.787315,0.787419,0.788203,0.787397,0.787585,0.787750,0.790443,0.787365,0.792998,0.787442,0.787503,0.787310,0.787418,0.787394,0.787532,0.787409,0.787708,0.794439,0.787153,0.787321,0.787613,0.787398,0.787225,0.787536,0.792687,0.787759,0.787700,0.787598,0.787419,0.794306,0.787513,0.787280,0.787412,0.787221,0.787307,0.787669,0.791192,0.787639,0.796135,0.787450,0.790469,0.787610,0.792559,0.790315,0.787259,0.787447,0.787240,0.787462,0.787356,0.791246,0.787308,0.787484,0.787276,0.787739,0.787411,0.787360,0.787558
sigma_24,0.586315,0.579116,0.579037,0.580097,0.579201,1.000000,0.579478,0.579126,0.579176,0.587257,0.579668,0.579370,0.579255,0.579812,0.591668,0.579980,0.579257,0.579298,0.579151,0.579383,0.579185,0.579702,0.578825,0.579839,0.579698,0.579328,0.590616,0.579316,0.579341,0.578952,0.579530,0.579035,0.578870,0.579040,0.579184,0.579044,0.578734,0.578787,0.587060,0.579634,0.579292,0.578738,0.578709,0.579006,0.578963,0.596103,0.579166,0.578951,0.579046,0.578892,0.579566,0.579041,0.591918,0.597695,0.579240,0.579538,0.588188,0.579954,0.579540,0.579220,0.579024,0.579457,0.578992,0.579616,0.578853,0.579049,0.587434,0.578666,0.578680,0.579105,0.579840,0.578981,0.578951,0.578710,0.579038,0.578732,0.579354,0.578939,0.578964,0.578627,0.578926,0.579875,0.579507,0.579143,0.579024,0.578882,0.579269,0.579129,0.579660,0.578952,0.579688,0.579201,0.579384,0.588622,0.579826,0.578952,0.578908,0.579706,0.578950,0.579074
sigma_25,0.825900,0.822687,0.822826,0.823123,0.826962,0.823155,1.000000,0.822641,0.826010,0.822441,0.822945,0.822967,0.822593,0.826313,0.828428,0.827777,0.825875,0.822552,0.822798,0.824622,0.823251,0.822501,0.822652,0.822736,0.822441,0.822744,0.823092,0.822691,0.822633,0.822648,0.823231,0.827639,0.822547,0.822516,0.822896,0.822742,0.822703,0.822590,0.822533,0.822872,0.822653,0.822546,0.826699,0.822693,0.822500,0.830054,0.822589,0.822596,0.822732,0.822452,0.828994,0.822788,0.822761,0.822868,0.825550,0.822538,0.822528,0.822994,0.822350,0.822730,0.822848,0.822493,0.822471,0.822977,0.822643,0.822605,0.822666,0.822844,0.827298,0.822755,0.822747,0.825442,0.822894,0.822652,0.825042,0.822609,0.822685,0.822781,0.822654,0.822556,0.822706,0.823233,0.822690,0.822461,0.822970,0.822735,0.822415,0.822522,0.828587,0.822485,0.822839,0.822853,0.822527,0.822974,0.823071,0.825239,0.826664,0.826605,0.822650,0.825519
sigma_29,0.754074,0.750176,0.749926,0.749932,0.749705,0.749924,0.749762,1.000000,0.749845,0.749845,0.758896,0.749978,0.755861,0.749675,0.749841,0.749888,0.749959,0.750143,0.750018,0.749822,0.750029,0.749988,0.750154,0.749820,0.749918,0.750431,0.749640,0.758150,0.749834,0.749549,0.750143,0.756850,0.750271,0.749951,0.750100,0.755107,0.749777,0.749972,0.754513,0.749885,0.749535,0.750344,0.749745,0.749811,0.754759,0.750087,0.749846,0.749919,0.757504,0.749887,0.749974,0.749617,0.749497,0.750141,0.749666,0.749810,0.749811,0.750289,0.750638,0.750063,0.750248,0.749715,0.754874,0.749882,0.750257,0.757071,0.749821,0.749821,0.749764,0.750358,0.750128,0.754142,0.750408,0.750361,0.749920,0.757752,0.750247,0.753645,0.756005,0.754194,0.750086,0.749818,0.749770,0.749892,0.749799,0.749706,0.749904,0.750028,0.749954,0.753925,0.749866,0.749943,0.749966,0.749781,0.749492,0.749680,0.749900,0.749841,0.749866,0.749702
sigma_30,0.851915,0.849292,0.849561,0.849419,0.849571,0.849630,0.852786,0.849502,1.000000,0.849264,0.849424,0.849662,0.849328,0.849683,0.854149,0.849715,0.852183,0.849312,0.849531,0.849328,0.849558,0.849199,0.849730,0.849500,0.849376,0.849588,0.853146,0.849418,0.849448,0.849210,0.849522,0.849616,0.849251,0.849383,0.853658,0.849278,0.853123,0.851708,0.849169,0.849565,0.849165,0.849425,0.849578,0.851852,0.849233,0.849574,0.849365,0.853529,0.849363,0.849278,0.854637,0.852986,0.849591,0.849281,0.849400,0.849535,0.849423,0.849381,0.849292,0.849621,0.849274,0.849635,0.849418,0.849650,0.849407,0.853664,0.849322,0.849521,0.853576,0.849419,0.849422,0.849484,0.849856,0.853790,0.849237,0.849664,0.849406,0.851616,0.849307,0.851998,0.849315,0.849232,0.849472,0.849329,0.854036,0.853034,0.849414,0.849388,0.849525,0.852042,0.849426,0.849691,0.849195,0.849524,0.849359,0.851562,0.849548,0.852635,0.849565,0.851715
sigma_34,0.832820,0.829728,0.829664,0.836693,0.830056,0.837891,0.829409,0.829692,0.829453,1.000000,0.829757,0.829697,0.833905,0.829503,0.829767,0.829773,0.829630,0.829614,0.829867,0.829609,0.834518,0.833851,0.829555,0.833729,0.829671,0.829942,0.829696,0.830143,0.829537,0.829431,0.829493,0.829448,0.829659,0.833572,0.829585,0.829549,0.829544,0.832116,0.833194,0.829761,0.834642,0.829558,0.829802,0.829440,0.829552,0.830477,0.829684,0.829620,0.829707,0.829565,0.829600,0.829663,0.829892,0.830237,0.829666,0.829982,0.829908,0.829746,0.829640,0.829443,0.829701,0.829510,0.829547,0.829807,0.829586,0.829661,0.829621,0.829559,0.829634,0.829693,0.835066,0.829690,0.829531,0.829578,0.832070,0.829543,0.833513,0.831787,0.829781,0.829456,0.829903,0.836945,0.834396,0.831882,0.829660,0.833860,0.831829,0.829540,0.829479,0.829620,0.829921,0.834579,0.832921,0.829642,0.829861,0.829484,0.829693,0.830003,0.829370,0.829492
sigma_40,0.699642,0.694822,0.694874,0.694861,0.694425,0.695023,0.694623,0.703460,0.694324,0.694467,1.000000,0.694383,0.694670,0.694806,0.694380,0.694575,0.694356,0.701230,0.695092,0.694571,0.694950,0.695018,0.694632,0.694321,0.694466,0.694386,0.694703,0.694704,0.694981,0.694096,0.694773,0.702965,0.694227,0.694470,0.694748,0.694767,0.694460,0.694270,0.694868,0.694595,0.694735,0.703610,0.694278,0.694604,0.694773,0.694597,0.694042,0.694392,0.695088,0.694473,0.694941,0.694201,0.694307,0.708121,0.694346,0.694564,0.694440,0.704403,0.701289,0.694553,0.704667,0.694814,0.694537,0.694117,0.694276,0.694565,0.694592,0.694780,0.694206,0.694872,0.694617,0.694914,0.694644,0.703244,0.698666,0.695655,0.700532,0.698826,0.694576,0.694443,0.701409,0.694120,0.694482,0.694260,0.694150,0.694072,0.694352,0.694429,0.704568,0.694615,0.694544,0.694693,0.694609,0.694678,0.694362,0.694243,0.694769,0.694335,0.694478,0.694549
sigma_41,0.729664,0.724763,0.724789,0.725194,0.725445,0.725175,0.725094,0.724985,0.725011,0.724857,0.724833,1.000000,0.724865,0.730282,0.732914,0.725027,0.730095,0.724692,0.724940,0.724888,0.724690,0.724864,0.730529,0.724874,0.724803,0.725354,0.724841,0.725790,0.724794,0.728619,0.736654,0.725398,0.724788,0.724692,0.725315,0.730635,0.725387,0.724656,0.724533,0.724834,0.724784,0.724637,0.725252,0.724733,0.724533,0.725782,0.730712,0.725015,0.725112,0.728817,0.724953,0.725093,0.725059,0.724943,0.724787,0.724629,0.724740,0.724683,0.725189,0.724922,0.725037,0.724987,0.724780,0.725182,0.724913,0.725233,0.724962,0.724998,0.725056,0.734936,0.724816,0.724937,0.733858,0.724777,0.728812,0.724777,0.724620,0.724860,0.725232,0.729772,0.724687,0.736052,0.725281,0.725026,0.732642,0.725039,0.724848,0.724877,0.724834,0.724538,0.724938,0.724933,0.724905,0.725042,0.725139,0.724900,0.725048,0.724797,0.725360,0.725033
sigma_45,0.798526,0.795280,0.795038,0.795624,0.795113,0.795301,0.794961,0.801106,0.794917,0.799307,0.795361,0.795106,1.000000,0.795128,0.794980,0.794807,0.795266,0.794903,0.795061,0.794822,0.795007,0.795324,0.795071,0.799610,0.795136,0.801518,0.795201,0.802316,0.795149,0.795065,0.795188,0.795173,0.799051,0.795443,0.795138,0.795393,0.800211,0.798108,0.799046,0.795218,0.795309,0.794894,0.799805,0.794742,0.795091,0.795140,0.799539,0.795047,0.794994,0.797964,0.795070,0.794951,0.795173,0.795252,0.798291,0.795175,0.795089,0.794917,0.799488,0.795025,0.795016,0.794966,0.795314,0.794917,0.794944,0.795347,0.794935,0.794972,0.794957,0.795478,0.795012,0.795099,0.794907,0.795140,0.794876,0.795141,0.799700,0.794940,0.795134,0.794964,0.794829,0.795421,0.795483,0.794953,0.795186,0.795077,0.794894,0.799127,0.794900,0.795076,0.795375,0.801125,0.795069,0.794843,0.795110,0.797811,0.794962,0.795358,0.795255,0.794903
sigma_46,0.831873,0.829005,0.829103,0.829113,0.829260,0.829790,0.832616,0.828858,0.829208,0.828839,0.829430,0.834452,0.829063,1.000000,0.829398,0.829399,0.832115,0.829014,0.828946,0.829120,0.829087,0.829181,0.829211,0.829175,0.829048,0.829080,0.833637,0.829058,0.829032,0.828888,0.829033,0.828969,0.828960,0.828833,0.828924,0.828786,0.833196,0.831376,0.828964,0.828901,0.828963,0.828918,0.828952,0.828875,0.828937,0.829266,0.832566,0.828770,0.828894,0.829000,0.829264,0.832985,0.829187,0.836878,0.831931,0.829148,0.829237,0.829203,0.829112,0.829401,0.834591,0.829089,0.828980,0.829446,0.828822,0.833963,0.832388,0.832815,0.828975,0.829423,0.834095,0.828911,0.829208,0.828928,0.829136,0.829046,0.828781,0.828727,0.828764,0.828864,0.829049,0.829225,0.829006,0.828944,0.829224,0.829054,0.828767,0.829123,0.834692,0.828829,0.834394,0.828936,0.829064,0.832916,0.833394,0.831393,0.829023,0.828941,0.829140,0.831603
sigma_47,0.744408,0.739654,0.739662,0.740043,0.739670,0.752299,0.745402,0.739686,0.744345,0.739766,0.739669,0.747752,0.739579,0.740062,1.000000,0.740219,0.740022,0.739744,0.739545,0.742389,0.740116,0.739508,0.739834,0.739615,0.739587,0.739527,0.740001,0.739491,0.745527,0.739493,0.739875,0.739749,0.739558,0.739674,0.739642,0.739600,0.739795,0.739798,0.739691,0.739365,0.739389,0.739708,0.739643,0.739519,0.739757,0.740374,0.739599,0.739618,0.739602,0.739594,0.740001,0.739662,0.740032,0.740035,0.743914,0.739850,0.739813,0.739992,0.739483,0.739883,0.739575,0.739763,0.739552,0.747150,0.739836,0.739880,0.739881,0.739910,0.739981,0.740120,0.739710,0.743826,0.739852,0.739680,0.739784,0.739909,0.739716,0.743305,0.739661,0.739750,0.739410,0.739808,0.739637,0.742927,0.739796,0.739633,0.739441,0.739478,0.740024,0.739546,0.739800,0.739564,0.739563,0.745940,0.739693,0.743262,0.739608,0.745214,0.739680,0.743544
sigma_53,0.765342,0.761547,0.761388,0.761798,0.767434,0.762251,0.766377,0.761361,0.761531,0.761399,0.761490,0.761494,0.761033,0.761691,0.761847,1.000000,0.761313,0.761483,0.761637,0.761251,0.761634,0.761322,0.761348,0.762143,0.761426,0.761832,0.767813,0.761442,0.767001,0.761264,0.772195,0.761578,0.761235,0.761554,0.761571,0.761252,0.761269,0.761269,0.760964,0.761868,0.767832,0.761544,0.761316,0.761345,0.761330,0.771634,0.761089,0.767240,0.761409,0.761277,0.761154,0.767414,0.761304,0.761662,0.761197,0.761559,0.761982,0.761959,0.761784,0.768094,0.761705,0.761408,0.761351,0.768386,0.761325,0.761753,0.766256,0.761516,0.761543,0.761503,0.768806,0.761302,0.761755,0.761210,0.761381,0.761421,0.761068,0.764608,0.767315,0.761499,0.766116,0.761960,0.761829,0.761153,0.761159,0.761373,0.761209,0.761027,0.761459,0.761223,0.761102,0.761116,0.761495,0.761157,0.761263,0.761212,0.761321,0.761472,0.761273,0.765050
sigma_55,0.846889,0.844345,0.844010,0.844535,0.844348,0.844489,0.847428,0.844393,0.846960,0.844217,0.844232,0.849511,0.844452,0.847365,0.844609,0.844273,1.000000,0.844166,0.844225,0.845890,0.844314,0.844010,0.844416,0.844274,0.844280,0.849204,0.844528,0.849558,0.844387,0.844262,0.844851,0.848823,0.844328,0.844312,0.848618,0.847653,0.848187,0.844132,0.844170,0.844246,0.844386,0.844031,0.844215,0.846750,0.844059,0.844759,0.847726,0.844294,0.843976,0.844051,0.844740,0.844246,0.849040,0.844290,0.844043,0.848587,0.847674,0.844097,0.844119,0.844092,0.844160,0.848008,0.844058,0.848720,0.844165,0.844454,0.844139,0.844137,0.844326,0.844443,0.844217,0.844042,0.844515,0.844367,0.843968,0.844071,0.844594,0.846325,0.844107,0.844111,0.843957,0.850788,0.844508,0.846145,0.844456,0.843933,0.844126,0.844133,0.844247,0.844152,0.844249,0.848489,0.844056,0.844307,0.844522,0.844116,0.844283,0.844248,0.844191,0.844075
sigma_61,0.809008,0.805879,0.810325,0.805684,0.805616,0.806001,0.805577,0.806047,0.805559,0.805671,0.812569,0.805590,0.805559,0.805735,0.805802,0.805913,0.805636,1.000000,0.805774,0.805682,0.805949,0.805667,0.805709,0.805639,0.810253,0.805619,0.805651,0.805494,0.810177,0.805551,0.805689,0.805934,0.805716,0.810063,0.805818,0.805684,0.805596,0.805609,0.805831,0.811715,0.806019,0.806110,0.805893,0.809078,0.805781,0.805884,0.805752,0.805693,0.811983,0.805658,0.806441,0.806002,0.806221,0.805702,0.805465,0.810994,0.805667,0.806354,0.805786,0.806089,0.806147,0.805657,0.809658,0.805616,0.805486,0.805624,0.809927,0.805668,0.805706,0.805845,0.805517,0.805527,0.805835,0.806069,0.805735,0.805911,0.805825,0.805656,0.805704,0.809036,0.809871,0.805754,0.805770,0.805660,0.805576,0.805893,0.808510,0.805891,0.805997,0.805607,0.805771,0.811242,0.806004,0.810269,0.810705,0.805810,0.810084,0.805671,0.805764,0.808624
sigma_62,0.793058,0.794527,0.789497,0.789851,0.789594,0.789592,0.789563,0.789661,0.789517,0.789663,0.790178,0.789577,0.789457,0.789407,0.789343,0.789807,0.789435,0.789514,1.000000,0.789461,0.789951,0.794691,0.794045,0.789762,0.789552,0.789566,0.794638,0.789439,0.789319,0.792081,0.789918,0.795380,0.789663,0.789723,0.789678,0.789425,0.789320,0.789312,0.789732,0.789485,0.795557,0.789651,0.789668,0.793129,0.789431,0.789604,0.789522,0.789284,0.789754,0.789273,0.789910,0.789917,0.789388,0.789660,0.789563,0.789632,0.789867,0.789458,0.789598,0.789290,0.796942,0.789915,0.789308,0.789331,0.789507,0.789289,0.789419,0.789349,0.794850,0.789702,0.789652,0.789396,0.789497,0.789565,0.792366,0.789719,0.793945,0.789341,0.794394,0.789517,0.794049,0.789547,0.789249,0.789407,0.789500,0.789315,0.789178,0.789788,0.789477,0.792933,0.789333,0.795364,0.789539,0.789323,0.789559,0.789344,0.789615,0.793998,0.795799,0.789374
sigma_74,0.906938,0.905315,0.907611,0.909078,0.905422,0.905770,0.907329,0.905414,0.905262,0.905353,0.905604,0.905473,0.905167,0.905528,0.908128,0.905369,0.907044,0.905370,0.905410,1.000000,0.908055,0.905488,0.905198,0.905272,0.905312,0.905408,0.907782,0.905352,0.905278,0.906472,0.905313,0.908064,0.905292,0.905161,0.905322,0.907187,0.905204,0.905112,0.905224,0.905424,0.907914,0.908081,0.905368,0.905238,0.907217,0.905749,0.905138,0.905106,0.905265,0.905215,0.908896,0.905109,0.905364,0.909493,0.906820,0.907932,0.905371,0.905264,0.905484,0.905298,0.905104,0.905143,0.905119,0.905582,0.907392,0.908012,0.907155,0.907600,0.905314,0.905277,0.905348,0.905365,0.905259,0.905205,0.905132,0.905108,0.907337,0.905199,0.907364,0.906769,0.905357,0.909389,0.905119,0.905244,0.905190,0.905180,0.905198,0.905159,0.908585,0.905099,0.905249,0.907947,0.905264,0.907466,0.907903,0.905166,0.905133,0.905464,0.905144,0.905086
sigma_78,0.756250,0.757786,0.752338,0.752681,0.758197,0.752058,0.752446,0.752104,0.751975,0.756748,0.752465,0.751757,0.751834,0.751979,0.752344,0.752235,0.751955,0.752119,0.752381,0.754546,1.000000,0.751894,0.752510,0.752280,0.751997,0.751953,0.751858,0.751597,0.751864,0.751741,0.751879,0.758852,0.751806,0.752326,0.751930,0.751876,0.751651,0.752066,0.751701,0.759292,0.752167,0.752051,0.752270,0.751882,0.752105,0.752165,0.751817,0.751833,0.760147,0.751828,0.752699,0.752137,0.751813,0.752060,0.752028,0.751792,0.752066,0.752246,0.751864,0.752066,0.752292,0.751962,0.751835,0.759263,0.752020,0.751981,0.752150,0.758246,0.758529,0.752065,0.752125,0.751651,0.752554,0.751918,0.751739,0.751872,0.751889,0.751835,0.751880,0.751941,0.757067,0.752166,0.751726,0.755183,0.752016,0.757953,0.751831,0.751831,0.759783,0.751685,0.751562,0.751964,0.752066,0.751965,0.751787,0.755431,0.751793,0.756934,0.751945,0.751734
sigma_83,0.796010,0.792711,0.792796,0.792771,0.792542,0.793267,0.792390,0.792755,0.792309,0.796773,0.793227,0.792625,0.792844,0.792766,0.792430,0.792616,0.792343,0.792531,0.797815,0.792664,0.792587,1.000000,0.792668,0.792556,0.792628,0.792572,0.792831,0.792733,0.792679,0.795430,0.792539,0.792602,0.796724,0.792629,0.792336,0.792350,0.792568,0.792552,0.796509,0.792822,0.798396,0.798913,0.792418,0.792522,0.796911,0.792596,0.792566,0.792643,0.792509,0.795617,0.792552,0.792312,0.792826,0.801926,0.795923,0.792771,0.792610,0.792787,0.792754,0.792548,0.793057,0.797412,0.792707,0.792797,0.792759,0.798466,0.792824,0.792448,0.792503,0.792746,0.793081,0.792527,0.792223,0.792611,0.795735,0.792616,0.792796,0.792331,0.792426,0.792298,0.796812,0.793012,0.792797,0.792520,0.792463,0.792399,0.792411,0.796680,0.792930,0.792746,0.792909,0.792600,0.796721,0.792410,0.798340,0.792389,0.792474,0.792721,0.793145,0.792343
sigma_91,0.821316,0.818476,0.818408,0.818403,0.818531,0.818123,0.818271,0.818652,0.818571,0.818207,0.818572,0.824016,0.818321,0.818527,0.818487,0.818373,0.818480,0.818304,0.822898,0.818105,0.818933,0.818399,1.000000,0.818187,0.818165,0.818411,0.818222,0.823988,0.818403,0.818089,0.818579,0.818385,0.818226,0.818166,0.822981,0.818310,0.822641,0.818255,0.818214,0.818302,0.818190,0.818537,0.818360,0.818261,0.818202,0.818423,0.818526,0.818495,0.824229,0.818261,0.818372,0.822584,0.818114,0.818407,0.818253,0.818396,0.818262,0.818802,0.818153,0.818648,0.818294,0.822662,0.818253,0.818383,0.822554,0.818298,0.818396,0.822750,0.818489,0.818557,0.818195,0.818260,0.818766,0.818673,0.818358,0.818534,0.818491,0.820897,0.818199,0.821521,0.822116,0.818432,0.818413,0.818124,0.818708,0.822548,0.818308,0.818363,0.823935,0.821485,0.818222,0.818422,0.821960,0.818216,0.818158,0.820946,0.818347,0.822233,0.824258,0.818292
sigma_96,0.814821,0.816131,0.811474,0.812568,0.816402,0.812362,0.811583,0.811546,0.811568,0.815611,0.811490,0.811593,0.816088,0.811719,0.811495,0.812395,0.811566,0.811460,0.811845,0.811405,0.811932,0.811514,0.811414,1.000000,0.811758,0.811673,0.816559,0.811829,0.811818,0.811649,0.811804,0.811347,0.811599,0.811547,0.811464,0.811468,0.811461,0.811403,0.811614,0.817697,0.817242,0.811540,0.816189,0.811657,0.811473,0.812515,0.811823,0.816477,0.811553,0.811532,0.811646,0.816342,0.817726,0.811927,0.811538,0.811747,0.816102,0.811543,0.815913,0.811941,0.811838,0.811785,0.811601,0.811532,0.811348,0.811518,0.811370,0.811508,0.811319,0.811743,0.817497,0.811332,0.811665,0.811495,0.811560,0.811621,0.811690,0.811418,0.816153,0.811446,0.811319,0.819535,0.816894,0.811439,0.811767,0.811727,0.811463,0.811586,0.811439,0.811544,0.817344,0.811830,0.811441,0.811332,0.811815,0.811260,0.811599,0.815405,0.811583,0.814371
sigma_97,0.825055,0.822130,0.826529,0.822095,0.822147,0.822840,0.821906,0.822262,0.822063,0.822168,0.822253,0.822141,0.822232,0.822210,0.822086,0.822296,0.822191,0.826691,0.822253,0.822065,0.822267,0.822205,0.822010,0.822376,1.000000,0.822172,0.826674,0.822429,0.822368,0.822126,0.822115,0.822329,0.825519,0.822417,0.822562,0.825690,0.821794,0.821986,0.821932,0.827846,0.822367,0.822166,0.822482,0.825140,0.825940,0.822636,0.826035,0.822070,0.822275,0.822013,0.822631,0.822306,0.828004,0.822055,0.822138,0.822153,0.822041,0.822367,0.822234,0.821987,0.822447,0.822210,0.822368,0.822041,0.822047,0.822159,0.826031,0.822001,0.822000,0.822383,0.822069,0.822003,0.822211,0.822540,0.821995,0.827564,0.822103,0.821963,0.821862,0.822157,0.825760,0.821874,0.826987,0.821969,0.822388,0.826337,0.824823,0.825824,0.822274,0.821980,0.822471,0.827121,0.822142,0.826218,0.822272,0.821985,0.822031,0.822171,0.822224,0.824823
sigma_1,0.744367,0.744703,0.743939,0.754357,0.750474,0.744537,0.744277,0.744844,0.744344,0.744506,0.744241,0.744760,0.750688,0.744309,0.744093,0.744769,0.749194,0.744126,0.744334,0.744229,0.744291,0.744215,0.744325,0.744359,0.744239,1.000000,0.750744,0.752783,0.750247,0.747643,0.755854,0.751936,0.749527,0.749730,0.751792,0.749949,0.750683,0.748152,0.748886,0.743960,0.744103,0.744253,0.744228,0.744348,0.744276,0.745729,0.744501,0.744272,0.743931,0.744450,0.744288,0.744367,0.744396,0.744432,0.744198,0.744673,0.744250,0.744480,0.744869,0.744260,0.744304,0.744401,0.744393,0.744331,0.744099,0.744315,0.744233,0.744180,0.744419,0.744272,0.744097,0.744417,0.744750,0.744148,0.743994,0.744473,0.744837,0.744124,0.744334,0.744054,0.744421,0.745337,0.744725,0.744228,0.744103,0.744234,0.744267,0.744339,0.743904,0.744013,0.744656,0.744519,0.744316,0.744244,0.744298,0.744077,0.744263,0.744323,0.744036,0.744168
sigma_3,0.777015,0.776780,0.776331,0.777005,0.782293,0.788088,0.776914,0.776341,0.780192,0.776549,0.776845,0.776535,0.776653,0.781161,0.776856,0.783039,0.776795,0.776447,0.781696,0.778898,0.776484,0.776763,0.776423,0.781535,0.781033,0.783031,1.000000,0.776894,0.777078,0.776519,0.777212,0.776633,0.776471,0.776318,0.776502,0.776622,0.776692,0.776581,0.776864,0.777234,0.777060,0.776446,0.776407,0.776648,0.780983,0.786393,0.781190,0.776712,0.776452,0.776500,0.776518,0.782277,0.776912,0.786825,0.780013,0.782614,0.781721,0.783641,0.776786,0.776687,0.776751,0.776748,0.776362,0.776780,0.776308,0.776524,0.776768,0.776452,0.776392,0.776235,0.777145,0.776257,0.776570,0.776284,0.776365,0.776463,0.776561,0.776443,0.776743,0.776336,0.776669,0.777202,0.777343,0.776539,0.776432,0.776556,0.776394,0.776443,0.777367,0.776547,0.776622,0.776807,0.776724,0.776938,0.777040,0.776446,0.776339,0.776703,0.776888,0.776524
sigma_10,0.720137,0.719852,0.720176,0.720968,0.720261,0.720308,0.720004,0.728347,0.719953,0.720489,0.720339,0.720976,0.727272,0.720068,0.719837,0.720161,0.725328,0.719781,0.719986,0.719952,0.719715,0.720157,0.725686,0.720296,0.720277,0.728565,0.720386,1.000000,0.720071,0.720150,0.720679,0.720482,0.725675,0.720118,0.720895,0.720813,0.720458,0.719884,0.720301,0.720222,0.720338,0.719822,0.720273,0.719806,0.720021,0.731890,0.726100,0.720004,0.720132,0.719891,0.719949,0.719918,0.720396,0.719767,0.720048,0.720339,0.719964,0.720455,0.720311,0.719919,0.720259,0.720291,0.720171,0.720394,0.720171,0.728534,0.720186,0.719905,0.719963,0.730763,0.720204,0.720047,0.720041,0.720110,0.719921,0.720094,0.725800,0.723960,0.720331,0.719950,0.719812,0.731766,0.728070,0.720076,0.720440,0.720159,0.723776,0.725741,0.719843,0.719976,0.719932,0.720386,0.720118,0.720021,0.720602,0.720011,0.720368,0.720403,0.720367,0.719774
sigma_20,0.795315,0.800235,0.795162,0.795777,0.795506,0.795637,0.795251,0.795333,0.795289,0.795188,0.795922,0.795286,0.795399,0.795348,0.801181,0.801023,0.795451,0.799772,0.795173,0.795183,0.795287,0.795410,0.795402,0.795590,0.795521,0.801331,0.795875,0.795377,1.000000,0.795257,0.795734,0.795322,0.795281,0.795173,0.795498,0.795294,0.800798,0.798484,0.795233,0.795835,0.795296,0.802074,0.795193,0.795430,0.799603,0.795841,0.795206,0.795680,0.795814,0.795261,0.795246,0.800494,0.801699,0.795502,0.795375,0.801060,0.795481,0.801994,0.800225,0.801448,0.795391,0.800482,0.795527,0.795838,0.795377,0.795320,0.795356,0.800217,0.795183,0.795294,0.795612,0.795645,0.795740,0.795494,0.798326,0.801793,0.795320,0.795423,0.795234,0.795387,0.795510,0.795051,0.801243,0.795273,0.795541,0.795158,0.795284,0.795172,0.795346,0.795376,0.795659,0.795229,0.795297,0.795508,0.795570,0.795240,0.795344,0.795409,0.795596,0.795413
sigma_35,0.884152,0.884203,0.887017,0.884617,0.887079,0.884236,0.884253,0.884034,0.884037,0.884069,0.884023,0.888086,0.884302,0.884190,0.884132,0.884274,0.884313,0.884132,0.886919,0.885365,0.884152,0.887141,0.884075,0.884407,0.884266,0.887706,0.884303,0.884442,0.884244,1.000000,0.889453,0.884434,0.886478,0.884133,0.884505,0.884264,0.884216,0.884143,0.884140,0.884526,0.884437,0.884248,0.886809,0.884266,0.886501,0.884544,0.886638,0.887036,0.884164,0.885888,0.888205,0.884009,0.888152,0.884395,0.884129,0.884064,0.884171,0.884197,0.886789,0.884037,0.884336,0.886930,0.884207,0.884219,0.884097,0.884364,0.886600,0.884330,0.887256,0.884470,0.883974,0.885928,0.884413,0.884370,0.884192,0.884226,0.884209,0.884056,0.884358,0.884133,0.884063,0.889253,0.884223,0.885612,0.884517,0.884078,0.884110,0.886769,0.884215,0.884149,0.887822,0.884262,0.884394,0.884137,0.887579,0.884025,0.886894,0.884243,0.884278,0.884143
sigma_65,0.619766,0.620015,0.619436,0.620822,0.620250,0.620189,0.620214,0.620004,0.619725,0.619505,0.620077,0.631512,0.619801,0.619710,0.619890,0.630595,0.620279,0.619645,0.620136,0.619581,0.619665,0.619631,0.619941,0.619939,0.619631,0.631313,0.620374,0.620348,0.620097,0.624847,1.000000,0.630597,0.620191,0.620038,0.630234,0.620794,0.619644,0.619482,0.619672,0.620034,0.619879,0.619379,0.619638,0.625991,0.619861,0.635184,0.619839,0.620024,0.619654,0.619773,0.620157,0.619807,0.619781,0.619806,0.619315,0.619582,0.619920,0.620139,0.628357,0.620073,0.619861,0.619658,0.619653,0.619737,0.619650,0.619676,0.620214,0.619547,0.620010,0.620496,0.619976,0.619683,0.620166,0.619665,0.619570,0.619970,0.619728,0.619801,0.628950,0.619782,0.619967,0.620811,0.620122,0.619495,0.619692,0.619471,0.619673,0.619468,0.619576,0.619771,0.619945,0.619381,0.626693,0.620166,0.620088,0.619390,0.620063,0.619706,0.619515,0.625306
sigma_67,0.761321,0.766758,0.760619,0.761437,0.761204,0.760888,0.765820,0.767907,0.761014,0.760655,0.769459,0.761447,0.760979,0.760841,0.760957,0.761159,0.765454,0.761084,0.766795,0.763538,0.767835,0.760888,0.760941,0.760675,0.761040,0.768578,0.760988,0.761344,0.760878,0.761005,0.771780,1.000000,0.765623,0.761002,0.768112,0.766530,0.761003,0.760665,0.760785,0.761171,0.761161,0.760881,0.760899,0.765232,0.760808,0.761533,0.760635,0.760708,0.761709,0.760628,0.769353,0.760976,0.760961,0.761067,0.760860,0.760746,0.760849,0.761218,0.761341,0.761080,0.761554,0.760889,0.761059,0.760882,0.760781,0.760976,0.761099,0.760767,0.761363,0.760828,0.760556,0.760978,0.768412,0.761338,0.760758,0.761162,0.761337,0.760850,0.761165,0.760893,0.765912,0.760950,0.761076,0.760870,0.760979,0.760662,0.760794,0.760537,0.761679,0.760764,0.760732,0.761163,0.760931,0.766583,0.760950,0.760802,0.760924,0.760923,0.760855,0.760805
sigma_75,0.835078,0.839038,0.835355,0.835350,0.835128,0.835060,0.835059,0.835661,0.834985,0.835204,0.835062,0.835173,0.839192,0.835169,0.835104,0.835153,0.835286,0.835203,0.835411,0.835092,0.835123,0.839344,0.835119,0.835264,0.838566,0.840494,0.835162,0.840861,0.835174,0.837388,0.835721,0.839952,1.000000,0.835244,0.839949,0.838907,0.835196,0.835172,0.835169,0.835202,0.839495,0.835286,0.835296,0.835127,0.835119,0.835660,0.835459,0.835271,0.835329,0.837628,0.835245,0.835171,0.835276,0.835157,0.837938,0.835249,0.835255,0.835170,0.835341,0.835166,0.835297,0.835372,0.838465,0.835180,0.835104,0.840144,0.838645,0.834938,0.835021,0.835281,0.835332,0.837645,0.835523,0.835057,0.835284,0.835180,0.835449,0.835008,0.835109,0.835049,0.835225,0.835558,0.839920,0.837210,0.835249,0.835106,0.835096,0.835520,0.835005,0.834937,0.835096,0.835069,0.835052,0.835302,0.839512,0.834984,0.835049,0.835011,0.840065,0.837587
sigma_79,0.811092,0.811231,0.811428,0.811475,0.811341,0.811345,0.811143,0.811457,0.811231,0.815230,0.811418,0.811192,0.811701,0.811156,0.811335,0.811585,0.811384,0.815664,0.811585,0.811075,0.811757,0.811367,0.811173,0.811327,0.811579,0.816820,0.811124,0.811432,0.811181,0.811154,0.811682,0.811452,0.811358,1.000000,0.811483,0.815263,0.811313,0.811462,0.814924,0.811296,0.811550,0.811085,0.811363,0.814221,0.811217,0.811178,0.811325,0.811202,0.811281,0.814014,0.811383,0.811304,0.811314,0.811495,0.811212,0.811419,0.811491,0.811171,0.811249,0.811280,0.811656,0.811239,0.815455,0.816880,0.811361,0.811384,0.811309,0.811379,0.816371,0.811701,0.817089,0.811269,0.811343,0.811347,0.811207,0.811104,0.815387,0.811240,0.816072,0.811371,0.815007,0.811151,0.811240,0.813742,0.811296,0.815934,0.811381,0.814990,0.811263,0.811372,0.811275,0.816775,0.811287,0.811343,0.811164,0.813842,0.811474,0.811310,0.811239,0.814118
sigma_82,0.765061,0.765253,0.765330,0.765231,0.765137,0.765352,0.765386,0.765469,0.769375,0.765106,0.765559,0.765677,0.765259,0.765109,0.765164,0.765466,0.769559,0.765282,0.765402,0.765099,0.765225,0.764937,0.769853,0.765106,0.765587,0.772744,0.765171,0.766071,0.765368,0.765390,0.775730,0.772422,0.769933,0.765346,1.000000,0.770466,0.765507,0.765251,0.765216,0.765075,0.765117,0.765144,0.765252,0.765492,0.765041,0.765854,0.765099,0.771174,0.765217,0.765023,0.765617,0.765154,0.765315,0.764873,0.765118,0.765282,0.765052,0.765464,0.765477,0.765177,0.765310,0.765522,0.765360,0.765316,0.765141,0.765293,0.769987,0.765269,0.771300,0.765457,0.765035,0.765231,0.766057,0.772132,0.765060,0.772336,0.769960,0.765528,0.765337,0.765274,0.765484,0.765321,0.771693,0.765082,0.765610,0.765147,0.768540,0.765216,0.765022,0.765278,0.765623,0.765328,0.765509,0.770562,0.765001,0.765283,0.770472,0.765403,0.765142,0.765101
sigma_84,0.820128,0.824412,0.820129,0.820659,0.820145,0.820120,0.820141,0.825380,0.819898,0.819979,0.820486,0.825900,0.820423,0.819881,0.820031,0.820056,0.823499,0.820057,0.820059,0.821876,0.820079,0.819859,0.820089,0.820019,0.823623,0.825805,0.820199,0.820896,0.820074,0.820057,0.821208,0.825742,0.823795,0.824034,0.825369,1.000000,0.820231,0.819863,0.820230,0.820284,0.820096,0.819994,0.824128,0.820233,0.820122,0.827227,0.820159,0.820077,0.820231,0.822741,0.820159,0.820118,0.820160,0.820117,0.819922,0.820042,0.819971,0.820150,0.823990,0.820233,0.819929,0.820009,0.823786,0.820088,0.824202,0.820317,0.820261,0.820192,0.820185,0.820400,0.819871,0.820133,0.825894,0.820325,0.819865,0.820356,0.823818,0.822547,0.820387,0.820115,0.819992,0.820543,0.820450,0.820012,0.820235,0.820135,0.822464,0.819951,0.819800,0.819903,0.819764,0.820340,0.819921,0.820232,0.820046,0.819803,0.820137,0.820191,0.819831,0.820044
sigma_90,0.789423,0.789486,0.789227,0.789874,0.789499,0.789170,0.789461,0.789414,0.793107,0.789334,0.789540,0.790017,0.794602,0.793654,0.789587,0.789433,0.793395,0.789330,0.789314,0.789250,0.789214,0.789438,0.793782,0.789373,0.789087,0.795904,0.789629,0.789903,0.794937,0.789370,0.789421,0.789586,0.789442,0.789445,0.789776,0.789591,1.000000,0.792747,0.789658,0.789425,0.789346,0.796088,0.789349,0.789319,0.789375,0.789217,0.789680,0.789901,0.789780,0.792351,0.789623,0.789845,0.790069,0.789662,0.789543,0.795381,0.789452,0.789785,0.789485,0.795447,0.789249,0.794425,0.789514,0.789480,0.789473,0.789674,0.789298,0.789752,0.789685,0.789152,0.789534,0.792995,0.796373,0.789853,0.789521,0.789692,0.793893,0.789418,0.789235,0.789717,0.789314,0.789315,0.789946,0.789411,0.795291,0.789476,0.789266,0.789390,0.789479,0.789571,0.795805,0.789502,0.789557,0.789537,0.789463,0.792565,0.789440,0.789528,0.789892,0.789412
sigma_93,0.870521,0.870574,0.870500,0.876051,0.870606,0.870444,0.870568,0.870829,0.872906,0.873124,0.870570,0.870508,0.873713,0.873049,0.870810,0.870654,0.870556,0.870563,0.870526,0.870377,0.870848,0.870642,0.870614,0.870535,0.870499,0.874588,0.870738,0.870551,0.873837,0.870516,0.870481,0.870469,0.870638,0.870814,0.870740,0.870444,0.873960,1.000000,0.870620,0.870527,0.870422,0.870875,0.870467,0.870387,0.873242,0.870959,0.870462,0.873944,0.870480,0.872517,0.870470,0.870556,0.870500,0.870522,0.872734,0.870652,0.870573,0.874764,0.870730,0.870538,0.870648,0.870858,0.873096,0.874392,0.870602,0.870595,0.870497,0.870822,0.873883,0.870548,0.870770,0.872786,0.870694,0.870698,0.870543,0.874807,0.870630,0.870616,0.870610,0.872871,0.873273,0.870747,0.870742,0.872187,0.870748,0.873702,0.870387,0.870654,0.870723,0.872761,0.870824,0.870573,0.870595,0.870554,0.873947,0.870583,0.870542,0.873418,0.870429,0.870492
sigma_95,0.840247,0.840161,0.839968,0.840660,0.840223,0.848258,0.840076,0.844930,0.839934,0.843768,0.840731,0.839949,0.844216,0.840203,0.840267,0.839912,0.840158,0.840349,0.840510,0.840054,0.840049,0.844161,0.840137,0.840310,0.840010,0.844892,0.840585,0.840530,0.840157,0.840078,0.840234,0.840152,0.840199,0.843839,0.840269,0.840374,0.840442,0.840184,1.000000,0.839912,0.840541,0.840395,0.840304,0.840292,0.840217,0.840412,0.840236,0.840083,0.840190,0.840209,0.840157,0.840137,0.840467,0.847462,0.840172,0.844691,0.843728,0.840239,0.840299,0.840180,0.845513,0.840347,0.843379,0.840201,0.843942,0.840246,0.840234,0.840003,0.840038,0.840426,0.840641,0.842800,0.839957,0.840391,0.842485,0.840590,0.843925,0.840241,0.840349,0.840053,0.840211,0.840240,0.840177,0.840224,0.839971,0.840207,0.842275,0.840478,0.840205,0.843071,0.845187,0.844918,0.843605,0.840358,0.840442,0.840143,0.844033,0.843607,0.840057,0.840150
sigma_2,0.740201,0.740708,0.740420,0.740237,0.740396,0.740714,0.740274,0.740168,0.740190,0.740195,0.740320,0.740109,0.740252,0.740000,0.739801,0.740676,0.740094,0.746098,0.740123,0.740114,0.747502,0.740336,0.740085,0.746259,0.745792,0.739830,0.740816,0.740311,0.740619,0.740324,0.740455,0.740398,0.740093,0.740072,0.739989,0.740289,0.740070,0.739951,0.739772,1.000000,0.747299,0.748175,0.746220,0.744781,0.745451,0.750465,0.745508,0.746923,0.748769,0.743695,0.749415,0.746447,0.748732,0.740029,0.739900,0.740173,0.740472,0.740561,0.740172,0.740447,0.740213,0.740421,0.740478,0.740150,0.740185,0.739821,0.740202,0.740359,0.739977,0.740036,0.740192,0.739926,0.740306,0.739998,0.740127,0.740112,0.740279,0.739861,0.740009,0.740050,0.740309,0.740790,0.740766,0.740189,0.740774,0.740243,0.740337,0.740280,0.740498,0.740056,0.740222,0.740849,0.740142,0.740371,0.740692,0.740118,0.740158,0.740403,0.740657,0.740288
sigma_7,0.766152,0.766435,0.771253,0.766464,0.766259,0.766134,0.765817,0.765578,0.765550,0.770844,0.766221,0.765821,0.766105,0.765823,0.765586,0.772401,0.765996,0.766158,0.771960,0.768374,0.766136,0.771674,0.765734,0.771564,0.766066,0.765734,0.766404,0.766189,0.765841,0.765997,0.766061,0.766149,0.770150,0.766088,0.765792,0.765862,0.765752,0.765606,0.766163,0.773058,1.000000,0.766007,0.771350,0.769892,0.765896,0.766618,0.765899,0.766110,0.765784,0.765789,0.766205,0.766091,0.766130,0.766284,0.765768,0.772356,0.771192,0.765746,0.765933,0.766041,0.773995,0.765784,0.765598,0.766095,0.765784,0.766263,0.766009,0.765837,0.765806,0.766092,0.773103,0.765896,0.765561,0.765969,0.765828,0.765901,0.770921,0.765791,0.766298,0.765600,0.770856,0.775628,0.766328,0.765911,0.765675,0.766048,0.765676,0.765910,0.766119,0.765975,0.765739,0.766247,0.766031,0.765661,0.766457,0.765598,0.766120,0.766010,0.765971,0.765923
sigma_22,0.733035,0.733260,0.733173,0.733065,0.733020,0.732821,0.732952,0.733629,0.733052,0.732996,0.742334,0.732916,0.732931,0.733020,0.733148,0.733355,0.732882,0.733491,0.733292,0.735779,0.733261,0.739432,0.733323,0.733099,0.733106,0.733126,0.733031,0.732915,0.739865,0.733049,0.732804,0.733111,0.733180,0.732864,0.733060,0.733001,0.739738,0.733302,0.733258,0.741176,0.733249,1.000000,0.733096,0.733194,0.738771,0.733092,0.733179,0.740095,0.733700,0.733355,0.733182,0.733793,0.733382,0.733647,0.733218,0.733335,0.733346,0.733482,0.733660,0.740434,0.733115,0.733823,0.738343,0.733175,0.733628,0.733293,0.732981,0.739564,0.732951,0.733096,0.733398,0.737534,0.733413,0.733607,0.737168,0.733457,0.733203,0.733106,0.733167,0.733434,0.733108,0.732861,0.733315,0.732955,0.733582,0.733233,0.736600,0.733313,0.733366,0.737556,0.733140,0.732865,0.733080,0.733188,0.733125,0.733237,0.733215,0.732777,0.741056,0.733159
sigma_26,0.801778,0.806249,0.806683,0.801825,0.801946,0.801442,0.805755,0.801679,0.801854,0.801889,0.801655,0.802179,0.806491,0.801704,0.801731,0.801777,0.801716,0.801923,0.801959,0.801711,0.802130,0.801584,0.801796,0.806397,0.802072,0.801750,0.801641,0.802015,0.801630,0.804263,0.801712,0.801778,0.801838,0.801791,0.801818,0.805785,0.801646,0.801543,0.801816,0.807868,0.807238,0.801746,1.000000,0.801814,0.801638,0.802199,0.806073,0.801879,0.801766,0.801842,0.802241,0.801911,0.802139,0.801428,0.801632,0.801528,0.801794,0.801556,0.802127,0.801870,0.802264,0.801897,0.801894,0.801929,0.806289,0.802069,0.801653,0.806723,0.802116,0.809227,0.801870,0.801802,0.801926,0.807634,0.801700,0.801749,0.801905,0.801859,0.801707,0.801703,0.801625,0.802174,0.801835,0.801432,0.807119,0.806805,0.801933,0.802090,0.801778,0.801758,0.802047,0.807582,0.801621,0.801570,0.801615,0.801666,0.806294,0.806092,0.801806,0.804688
sigma_27,0.855883,0.859590,0.855907,0.855979,0.855855,0.855958,0.855968,0.855965,0.858349,0.855747,0.856200,0.855881,0.855649,0.855847,0.855827,0.856025,0.858470,0.859325,0.859635,0.855801,0.855962,0.855909,0.855917,0.856085,0.858948,0.856089,0.856102,0.855768,0.856086,0.855936,0.862273,0.860319,0.855890,0.858869,0.856277,0.856109,0.855836,0.855684,0.856024,0.860641,0.859996,0.856063,0.856034,1.000000,0.858887,0.856102,0.855922,0.855995,0.856154,0.855678,0.861077,0.859470,0.856274,0.855927,0.855726,0.856020,0.859139,0.856013,0.859315,0.856254,0.861031,0.859216,0.856046,0.856135,0.859151,0.855882,0.855836,0.855791,0.855917,0.856263,0.856056,0.858058,0.855935,0.855993,0.855730,0.856109,0.855969,0.855736,0.856163,0.855737,0.856126,0.856016,0.855791,0.855905,0.855853,0.855890,0.857942,0.855904,0.855965,0.858489,0.855826,0.856268,0.855991,0.859376,0.855902,0.855736,0.859229,0.855862,0.856001,0.855942
sigma_38,0.824335,0.824453,0.824561,0.824485,0.824466,0.824423,0.824283,0.829418,0.824238,0.824367,0.824876,0.824189,0.824505,0.824416,0.824573,0.824518,0.824287,0.824538,0.824450,0.826291,0.824692,0.828803,0.824365,0.824408,0.828257,0.824526,0.828941,0.824491,0.828763,0.826680,0.824663,0.824415,0.824390,0.824374,0.824335,0.824507,0.824399,0.827048,0.824457,0.829824,0.824514,0.830141,0.824366,0.827396,1.000000,0.824583,0.824591,0.824500,0.824658,0.824409,0.824734,0.824618,0.824810,0.825028,0.827324,0.824554,0.824640,0.824793,0.828494,0.824615,0.824630,0.824581,0.824419,0.829616,0.828541,0.824899,0.824654,0.824708,0.824438,0.824707,0.824319,0.824540,0.824204,0.824471,0.824489,0.830147,0.824326,0.824317,0.824482,0.824402,0.824632,0.824300,0.824427,0.826601,0.824187,0.824377,0.826839,0.827863,0.829854,0.824690,0.824665,0.824277,0.827736,0.824575,0.824684,0.824295,0.824361,0.824435,0.824479,0.824206
sigma_39,0.645274,0.644977,0.644402,0.659360,0.645466,0.661779,0.652064,0.644961,0.644791,0.645507,0.644914,0.645652,0.644765,0.644959,0.645403,0.655052,0.645202,0.644854,0.644835,0.645034,0.644965,0.644702,0.644799,0.645667,0.645167,0.646195,0.654589,0.656584,0.645219,0.644935,0.660202,0.645352,0.645144,0.644545,0.645360,0.651830,0.644454,0.644977,0.644864,0.655062,0.645451,0.644681,0.645139,0.644822,0.644795,1.000000,0.645269,0.645185,0.645115,0.644751,0.645421,0.645136,0.645664,0.645646,0.644926,0.645229,0.645227,0.656190,0.645264,0.644722,0.644487,0.645102,0.644538,0.644758,0.644700,0.644765,0.645150,0.644389,0.644590,0.644911,0.645073,0.644892,0.644986,0.644417,0.644747,0.644691,0.645002,0.645038,0.645015,0.644358,0.645123,0.660161,0.654820,0.644352,0.644701,0.644391,0.644601,0.644926,0.645058,0.644367,0.644919,0.644686,0.645125,0.645080,0.654383,0.644440,0.645146,0.652628,0.644436,0.644849
sigma_50,0.820100,0.820152,0.820079,0.819811,0.820102,0.820283,0.820029,0.820166,0.820028,0.820157,0.819805,0.826019,0.824609,0.823704,0.820073,0.819935,0.823614,0.820168,0.820199,0.819866,0.820063,0.820118,0.820347,0.820417,0.824011,0.820409,0.824807,0.826218,0.820028,0.822477,0.820299,0.819900,0.820388,0.820139,0.820051,0.820201,0.820363,0.819924,0.820134,0.825542,0.820175,0.820214,0.824458,0.820087,0.820249,0.820713,1.000000,0.820598,0.820433,0.820071,0.820434,0.820510,0.820727,0.820332,0.820149,0.820471,0.824080,0.820332,0.820014,0.819987,0.820114,0.824517,0.823669,0.820133,0.819904,0.820283,0.820114,0.819934,0.820122,0.820545,0.820159,0.819760,0.820396,0.820254,0.820074,0.819876,0.820221,0.819888,0.819995,0.820141,0.819940,0.820545,0.825359,0.822358,0.825373,0.820168,0.820013,0.823967,0.820111,0.820051,0.820212,0.825348,0.823364,0.820218,0.820283,0.822727,0.820140,0.820139,0.825895,0.820054
sigma_57,0.778221,0.778460,0.778217,0.778169,0.778520,0.778298,0.778266,0.778468,0.782426,0.778323,0.778384,0.778557,0.778349,0.778136,0.778321,0.784313,0.778410,0.778338,0.778190,0.778063,0.778308,0.778424,0.778546,0.783300,0.778275,0.778409,0.778560,0.778361,0.778731,0.781103,0.778712,0.778202,0.778429,0.778245,0.784353,0.778349,0.778813,0.781641,0.778210,0.785186,0.778615,0.785357,0.778494,0.778390,0.778387,0.778859,0.778827,1.000000,0.778397,0.781652,0.778684,0.778682,0.778860,0.778414,0.778280,0.778596,0.783091,0.778732,0.778404,0.778737,0.778028,0.783693,0.782965,0.778594,0.778229,0.778323,0.778283,0.778442,0.778763,0.778064,0.778812,0.778325,0.778610,0.778666,0.778300,0.778525,0.778122,0.781387,0.778746,0.782214,0.778318,0.778380,0.784802,0.778248,0.784590,0.778536,0.778323,0.778296,0.778272,0.782283,0.778280,0.778135,0.778197,0.778301,0.778319,0.781349,0.778533,0.778426,0.778953,0.778493
sigma_63,0.724223,0.730466,0.723946,0.723951,0.724316,0.724026,0.724033,0.731685,0.723886,0.724041,0.724710,0.724286,0.723926,0.723892,0.723937,0.724116,0.723723,0.730264,0.724291,0.723853,0.732257,0.723921,0.729918,0.724007,0.724111,0.723700,0.723932,0.724120,0.724497,0.723859,0.723974,0.724835,0.724118,0.723955,0.724029,0.724134,0.724324,0.723802,0.723948,0.732668,0.723922,0.724596,0.724012,0.724180,0.724177,0.724422,0.724294,0.724028,1.000000,0.723965,0.733405,0.724976,0.724279,0.723742,0.723990,0.724212,0.724241,0.732652,0.724133,0.731747,0.724083,0.724361,0.724174,0.724103,0.724176,0.724406,0.729942,0.724030,0.724223,0.723897,0.724025,0.724112,0.733058,0.723966,0.727978,0.724074,0.724059,0.724002,0.723941,0.724488,0.724600,0.723720,0.724330,0.727704,0.724664,0.723989,0.723929,0.724015,0.724829,0.724033,0.723991,0.724133,0.729530,0.724702,0.724322,0.728063,0.724369,0.724088,0.732510,0.724024
sigma_69,0.872363,0.872336,0.875323,0.872232,0.875526,0.872393,0.872275,0.872588,0.872322,0.872420,0.872616,0.876505,0.875414,0.872519,0.872451,0.872505,0.872319,0.872456,0.872332,0.872325,0.872455,0.875546,0.872464,0.872508,0.872371,0.872739,0.872501,0.872401,0.872464,0.874106,0.872614,0.872276,0.874935,0.875207,0.872356,0.875161,0.875412,0.874361,0.872489,0.876111,0.872448,0.872771,0.872609,0.872225,0.872449,0.872580,0.872453,0.875798,0.872487,1.000000,0.872301,0.872428,0.872365,0.877927,0.874374,0.872287,0.872288,0.876354,0.872540,0.872413,0.872357,0.872644,0.875098,0.872515,0.875291,0.872521,0.872290,0.875573,0.872569,0.872485,0.872534,0.872607,0.872679,0.872369,0.874213,0.872373,0.872411,0.874279,0.875533,0.874754,0.872383,0.872493,0.872522,0.874100,0.872533,0.872602,0.872323,0.872411,0.872625,0.872323,0.872436,0.872337,0.872377,0.872328,0.872454,0.872295,0.872331,0.872246,0.872455,0.874305
sigma_88,0.704025,0.704291,0.704135,0.703947,0.704004,0.704619,0.710379,0.704227,0.709242,0.704006,0.704637,0.704199,0.704075,0.704336,0.704409,0.703934,0.704562,0.704792,0.704520,0.707579,0.704879,0.704037,0.704126,0.704174,0.704542,0.704129,0.704071,0.704010,0.704002,0.707985,0.704550,0.712555,0.704107,0.704130,0.704502,0.704135,0.704239,0.703865,0.703988,0.713390,0.704416,0.704151,0.704560,0.709188,0.704326,0.704800,0.704368,0.704389,0.713480,0.703852,1.000000,0.704415,0.714204,0.704333,0.704332,0.704250,0.704223,0.704568,0.703941,0.704199,0.703964,0.704210,0.703867,0.703782,0.703901,0.704207,0.704121,0.703812,0.704367,0.704005,0.703742,0.704036,0.704593,0.704162,0.704138,0.703769,0.710443,0.703756,0.703798,0.704132,0.704136,0.704430,0.704047,0.704041,0.712188,0.704044,0.704106,0.704174,0.713354,0.703872,0.704403,0.712381,0.704316,0.711004,0.712052,0.704342,0.704119,0.704476,0.704323,0.704177
sigma_92,0.790060,0.795004,0.789568,0.789760,0.795438,0.789893,0.789963,0.789671,0.793385,0.789870,0.789698,0.790140,0.789757,0.793858,0.789870,0.795991,0.789866,0.790151,0.790327,0.789570,0.790116,0.789597,0.794140,0.794670,0.790015,0.790010,0.795628,0.789780,0.795049,0.789578,0.790000,0.789975,0.789834,0.789852,0.789839,0.789894,0.790261,0.789752,0.789769,0.796215,0.790102,0.790561,0.790030,0.793372,0.790010,0.790315,0.790244,0.790187,0.790848,0.789780,0.790215,1.000000,0.790157,0.789967,0.789839,0.789898,0.790277,0.789912,0.790076,0.795952,0.790251,0.790202,0.793915,0.789754,0.789927,0.789996,0.789974,0.789984,0.789788,0.789803,0.790260,0.789705,0.796746,0.790045,0.792816,0.789793,0.789682,0.789645,0.790024,0.790253,0.789741,0.789964,0.790133,0.792637,0.790213,0.790010,0.792657,0.789701,0.789810,0.789758,0.789897,0.795499,0.789694,0.790053,0.789714,0.789918,0.789878,0.789904,0.796236,0.790069
sigma_94,0.725166,0.725143,0.725131,0.725115,0.725029,0.737917,0.725084,0.724698,0.725136,0.725246,0.724952,0.725254,0.725127,0.725207,0.725388,0.725032,0.729812,0.725519,0.724946,0.724973,0.724941,0.725260,0.724817,0.731207,0.730869,0.725186,0.725413,0.725406,0.731404,0.728883,0.725123,0.725109,0.725087,0.725010,0.725148,0.725084,0.725634,0.724843,0.725247,0.733653,0.725289,0.725299,0.725407,0.725323,0.725351,0.725991,0.725609,0.725513,0.725301,0.724865,0.735148,0.725305,1.000000,0.725564,0.725017,0.725397,0.725392,0.725154,0.725078,0.725011,0.725055,0.731517,0.725016,0.725026,0.724737,0.724914,0.725342,0.724814,0.725093,0.725108,0.724915,0.724801,0.724999,0.725399,0.725145,0.725320,0.730712,0.724753,0.724875,0.724902,0.724800,0.725685,0.725662,0.724874,0.732561,0.725165,0.728743,0.730694,0.725158,0.724929,0.733800,0.725490,0.725108,0.725639,0.732529,0.724891,0.725074,0.725373,0.725440,0.729225
sigma_19,0.617309,0.616845,0.616897,0.617003,0.616785,0.635387,0.616886,0.617038,0.616521,0.617287,0.630466,0.616833,0.616901,0.624614,0.617086,0.617085,0.616752,0.616694,0.616914,0.620813,0.616882,0.626070,0.616804,0.617097,0.616607,0.616918,0.627037,0.616471,0.616899,0.616808,0.616842,0.616909,0.616661,0.616885,0.616401,0.616736,0.616921,0.616560,0.623953,0.616644,0.617137,0.617260,0.616390,0.616669,0.617265,0.617668,0.616909,0.616761,0.616457,0.622131,0.616976,0.616810,0.617260,1.000000,0.617162,0.617025,0.617885,0.618022,0.625284,0.616978,0.617377,0.625490,0.616797,0.617086,0.616776,0.617585,0.617181,0.617002,0.616361,0.616774,0.627822,0.616689,0.616394,0.617007,0.617029,0.616695,0.616922,0.616621,0.617097,0.616488,0.617145,0.616669,0.617009,0.616431,0.616390,0.616635,0.616422,0.616589,0.629119,0.616978,0.616922,0.616727,0.616750,0.617099,0.617028,0.616601,0.616545,0.616745,0.616691,0.616743
sigma_28,0.861158,0.864138,0.861036,0.861273,0.861079,0.861421,0.864051,0.861049,0.861125,0.861201,0.861172,0.861164,0.864422,0.864128,0.865443,0.861107,0.860993,0.860944,0.861302,0.862613,0.861336,0.864534,0.861137,0.861195,0.861176,0.861169,0.864690,0.861239,0.861260,0.861027,0.860839,0.861188,0.863927,0.861089,0.861132,0.861028,0.861288,0.863259,0.861132,0.861002,0.861108,0.861315,0.861080,0.860955,0.864042,0.861434,0.861212,0.861113,0.861192,0.863056,0.861461,0.861168,0.861198,0.861646,1.000000,0.861344,0.861352,0.861441,0.861072,0.861062,0.861041,0.861303,0.861156,0.865223,0.861111,0.861258,0.861071,0.861120,0.861089,0.861291,0.861373,0.861046,0.860934,0.860985,0.863200,0.861144,0.863884,0.860839,0.860871,0.860921,0.861048,0.861065,0.864860,0.861074,0.861229,0.864289,0.860898,0.861309,0.865644,0.863332,0.865415,0.861025,0.861264,0.864409,0.864947,0.863121,0.861044,0.861153,0.865305,0.861292
sigma_54,0.762297,0.762361,0.762439,0.762287,0.762436,0.762967,0.762291,0.762442,0.762510,0.762767,0.762639,0.762254,0.762559,0.762597,0.762636,0.762717,0.766790,0.767724,0.762621,0.764979,0.762349,0.762635,0.762529,0.762652,0.762440,0.762893,0.768544,0.762779,0.768194,0.762211,0.762354,0.762324,0.762490,0.762545,0.762545,0.762397,0.768375,0.762426,0.766905,0.762522,0.768943,0.762682,0.762226,0.762498,0.762524,0.762984,0.762783,0.762678,0.762663,0.762216,0.762628,0.762475,0.762827,0.762759,0.762593,1.000000,0.768050,0.762984,0.762433,0.762680,0.762591,0.762744,0.762336,0.762414,0.762498,0.762300,0.762353,0.762338,0.762259,0.762105,0.762799,0.762372,0.762588,0.762328,0.762428,0.762380,0.767723,0.765627,0.762427,0.762240,0.762496,0.762964,0.768896,0.765576,0.762517,0.762172,0.762262,0.762357,0.762503,0.766532,0.762584,0.762736,0.767271,0.762557,0.768911,0.765590,0.762659,0.762514,0.762398,0.762238
sigma_72,0.812473,0.816931,0.812323,0.812523,0.812435,0.821627,0.812303,0.812466,0.812420,0.812715,0.812537,0.812388,0.812496,0.812709,0.812622,0.813162,0.815898,0.812417,0.812878,0.812434,0.812646,0.812496,0.812417,0.817029,0.812352,0.812493,0.817672,0.812427,0.812638,0.812341,0.812715,0.812449,0.812518,0.812640,0.812338,0.812349,0.812469,0.812369,0.815963,0.812844,0.817800,0.812716,0.812515,0.815643,0.812633,0.813006,0.816415,0.817197,0.812715,0.812241,0.812624,0.812878,0.812844,0.813640,0.812625,0.818069,1.000000,0.812513,0.816968,0.817686,0.812794,0.812949,0.812533,0.817991,0.812558,0.812832,0.812500,0.812338,0.812370,0.812697,0.818556,0.812347,0.812389,0.812197,0.812409,0.812243,0.812475,0.812310,0.817129,0.812441,0.812343,0.812898,0.812849,0.814958,0.812523,0.812336,0.812253,0.812454,0.818086,0.815899,0.812383,0.812450,0.812517,0.812576,0.817299,0.812489,0.812456,0.812400,0.818006,0.812454
sigma_89,0.725446,0.725775,0.725700,0.726319,0.725676,0.726508,0.725873,0.726047,0.725481,0.725658,0.735599,0.725435,0.725427,0.725778,0.725904,0.726244,0.725421,0.726209,0.725572,0.725430,0.725929,0.725778,0.726063,0.725575,0.725781,0.725827,0.732700,0.726021,0.732257,0.725470,0.726037,0.725922,0.725536,0.725423,0.725854,0.725631,0.725906,0.729672,0.725575,0.726037,0.725462,0.725956,0.725380,0.725617,0.725890,0.737061,0.725771,0.725942,0.734230,0.729415,0.726073,0.725615,0.725710,0.726881,0.725816,0.726111,0.725617,1.000000,0.725678,0.726032,0.726003,0.732040,0.725768,0.725600,0.725637,0.725287,0.725682,0.725715,0.725620,0.725699,0.725659,0.729993,0.725956,0.726139,0.725804,0.726098,0.725662,0.729619,0.725546,0.725541,0.731473,0.725995,0.733493,0.725485,0.725477,0.725335,0.725371,0.725270,0.734395,0.725607,0.725862,0.725269,0.731205,0.731771,0.725854,0.725783,0.731740,0.725811,0.725719,0.725481
sigma_13,0.805975,0.810834,0.805912,0.813529,0.805824,0.806368,0.805501,0.806667,0.805664,0.805822,0.812755,0.806212,0.810270,0.805959,0.805668,0.806340,0.805715,0.805912,0.805984,0.805922,0.805819,0.806015,0.805683,0.810216,0.805919,0.806485,0.806115,0.806147,0.810755,0.808337,0.814513,0.806315,0.805979,0.805773,0.806138,0.809744,0.805877,0.805902,0.805907,0.805920,0.805920,0.806404,0.806223,0.809194,0.809864,0.806418,0.805723,0.805885,0.805982,0.805868,0.805718,0.806052,0.805906,0.814408,0.805719,0.805830,0.810343,0.805950,1.000000,0.811385,0.806497,0.806142,0.805783,0.806431,0.806197,0.811742,0.809811,0.810373,0.805815,0.813232,0.806624,0.805979,0.805975,0.806137,0.805886,0.811845,0.805804,0.805834,0.810861,0.805830,0.806019,0.806154,0.805821,0.805770,0.805659,0.805848,0.805840,0.805998,0.806232,0.809045,0.806156,0.805641,0.805860,0.805883,0.805720,0.805553,0.806011,0.805959,0.805654,0.805794
sigma_42,0.765565,0.771511,0.765511,0.765809,0.765982,0.765905,0.765738,0.765951,0.765852,0.765483,0.765884,0.765803,0.765665,0.766107,0.765925,0.772507,0.765545,0.766072,0.765533,0.765593,0.765879,0.765668,0.766037,0.766102,0.765530,0.765736,0.765874,0.765614,0.771841,0.765439,0.766099,0.765913,0.765662,0.765661,0.765696,0.765843,0.771700,0.765567,0.765645,0.766053,0.765886,0.773037,0.765823,0.765988,0.765840,0.765735,0.765554,0.766076,0.773452,0.765599,0.765833,0.771790,0.765696,0.765969,0.765566,0.765936,0.770922,0.766162,0.771246,1.000000,0.765914,0.765835,0.766073,0.766329,0.770951,0.772767,0.766078,0.766064,0.765800,0.766278,0.772862,0.765958,0.773605,0.765625,0.765963,0.765861,0.765458,0.765619,0.766087,0.769715,0.765668,0.765588,0.765986,0.765881,0.766183,0.765646,0.765829,0.765422,0.765793,0.766005,0.765992,0.765606,0.765874,0.770925,0.765494,0.769015,0.770834,0.765463,0.766494,0.769171
sigma_49,0.706774,0.713255,0.706504,0.706754,0.713482,0.706478,0.706625,0.706905,0.706274,0.706510,0.716763,0.706687,0.706425,0.712067,0.706385,0.706888,0.706383,0.706900,0.713962,0.706168,0.706874,0.706946,0.706452,0.706768,0.706760,0.706549,0.706707,0.706723,0.706549,0.706508,0.706657,0.707156,0.706563,0.706808,0.706599,0.706308,0.706268,0.706447,0.711751,0.706587,0.714611,0.706487,0.706988,0.711545,0.706625,0.706269,0.706450,0.706135,0.706559,0.706311,0.706368,0.706854,0.706509,0.707135,0.706315,0.706616,0.706796,0.706901,0.707124,0.706683,1.000000,0.706445,0.706712,0.706506,0.706375,0.706765,0.706537,0.706470,0.706667,0.717528,0.706634,0.706447,0.706529,0.707087,0.706832,0.715397,0.706846,0.706519,0.706723,0.706622,0.712873,0.707059,0.706165,0.710226,0.706157,0.706682,0.706642,0.712229,0.707012,0.706780,0.707317,0.706560,0.706653,0.706765,0.706477,0.706425,0.713352,0.706724,0.706683,0.710777
sigma_58,0.798371,0.803112,0.798269,0.798495,0.798163,0.798879,0.798237,0.798339,0.798601,0.798286,0.798879,0.798604,0.798341,0.798529,0.798541,0.798559,0.802201,0.798376,0.798894,0.798174,0.798511,0.803267,0.802788,0.798683,0.798489,0.798613,0.798671,0.798722,0.803606,0.801073,0.798421,0.798458,0.798604,0.798357,0.798778,0.798355,0.803410,0.798624,0.798548,0.798763,0.798364,0.799161,0.798586,0.801687,0.798543,0.798851,0.802822,0.803766,0.798804,0.798565,0.798579,0.798772,0.804933,0.807209,0.798544,0.798736,0.798917,0.804901,0.798735,0.798571,0.798412,1.000000,0.802488,0.804174,0.798551,0.798439,0.798365,0.798595,0.798353,0.798355,0.798805,0.798448,0.798649,0.804103,0.798399,0.798587,0.798422,0.798464,0.798194,0.798328,0.798531,0.798400,0.804315,0.798221,0.799000,0.798376,0.798247,0.798902,0.798733,0.801956,0.798742,0.798605,0.798537,0.798415,0.798618,0.798462,0.798537,0.802564,0.804579,0.798359
sigma_77,0.825560,0.829807,0.825676,0.825631,0.825631,0.825714,0.825516,0.830793,0.825685,0.825624,0.825903,0.825697,0.825990,0.825721,0.825630,0.825801,0.825548,0.829676,0.825588,0.825451,0.825685,0.825864,0.825678,0.825799,0.825948,0.825905,0.825586,0.825902,0.825952,0.825646,0.825717,0.825928,0.828997,0.829871,0.825915,0.829431,0.825800,0.828164,0.828881,0.826120,0.825480,0.830978,0.825884,0.825815,0.825681,0.825589,0.829272,0.830335,0.825917,0.828323,0.825538,0.829784,0.825738,0.825824,0.825698,0.825628,0.825802,0.825933,0.825678,0.826109,0.825979,0.829787,1.000000,0.825704,0.825577,0.825646,0.825575,0.825651,0.825902,0.826144,0.825771,0.825712,0.825671,0.825628,0.825594,0.825635,0.825587,0.825695,0.829925,0.825793,0.825631,0.825525,0.825836,0.825690,0.825806,0.829823,0.825868,0.829107,0.825540,0.825998,0.825901,0.825899,0.825681,0.829609,0.825699,0.828163,0.829634,0.825621,0.826255,0.828359
sigma_5,0.746156,0.746255,0.746354,0.745943,0.746233,0.746648,0.746331,0.746117,0.746227,0.746194,0.745794,0.746409,0.745903,0.746498,0.753539,0.753146,0.750523,0.745945,0.745921,0.746226,0.753423,0.746263,0.746118,0.746040,0.745930,0.746152,0.746313,0.746435,0.746574,0.745969,0.746110,0.746061,0.746023,0.751612,0.746181,0.746044,0.746076,0.749774,0.746013,0.746102,0.746286,0.746124,0.746229,0.746215,0.751193,0.746118,0.746046,0.746279,0.746156,0.746047,0.745763,0.745933,0.746058,0.746424,0.750080,0.746015,0.751572,0.746075,0.746635,0.746677,0.746084,0.751786,0.746013,1.000000,0.752010,0.753991,0.751380,0.752381,0.752971,0.755527,0.753992,0.746202,0.746158,0.746094,0.746140,0.746037,0.745896,0.746216,0.746740,0.745884,0.746275,0.745963,0.746239,0.746286,0.746154,0.746775,0.746033,0.746343,0.746446,0.746265,0.745854,0.745972,0.746012,0.746207,0.746078,0.746114,0.746083,0.746459,0.746175,0.745993
sigma_21,0.801613,0.801930,0.802204,0.801921,0.801867,0.801734,0.801846,0.802339,0.801832,0.801821,0.801802,0.801989,0.801779,0.801722,0.802073,0.801933,0.801814,0.801665,0.801945,0.803886,0.802028,0.802074,0.806138,0.801705,0.801784,0.801770,0.801690,0.802062,0.801962,0.801695,0.801873,0.801808,0.801795,0.801937,0.801855,0.806007,0.801918,0.801826,0.805604,0.801985,0.801824,0.802425,0.806436,0.805080,0.805963,0.801909,0.801667,0.801762,0.802078,0.804675,0.801730,0.801955,0.801618,0.801962,0.801811,0.801948,0.801985,0.801962,0.802250,0.807143,0.801801,0.802010,0.801735,0.807853,1.000000,0.807779,0.802086,0.806995,0.801909,0.802405,0.802318,0.805181,0.801976,0.802190,0.804586,0.802101,0.801957,0.804783,0.801900,0.801942,0.801695,0.801649,0.801630,0.801762,0.801949,0.802027,0.804547,0.801753,0.801869,0.805269,0.801861,0.801941,0.805766,0.801906,0.801848,0.801692,0.802189,0.806134,0.801766,0.801800
sigma_37,0.747838,0.747763,0.753521,0.747695,0.747465,0.747703,0.747580,0.754926,0.751863,0.747668,0.747862,0.748081,0.747954,0.752639,0.747889,0.748134,0.747875,0.747574,0.747499,0.750282,0.747761,0.753555,0.747654,0.747646,0.747669,0.747757,0.747678,0.756192,0.747676,0.747734,0.747670,0.747776,0.752613,0.747732,0.747780,0.747894,0.747891,0.747591,0.747678,0.747394,0.748075,0.747863,0.747990,0.747582,0.748092,0.747745,0.747818,0.747627,0.748080,0.747674,0.747807,0.747796,0.747566,0.748542,0.747729,0.747522,0.748032,0.747383,0.753571,0.754735,0.747964,0.747670,0.747576,0.755612,0.753556,1.000000,0.753306,0.748149,0.748008,0.757596,0.755403,0.747840,0.748127,0.747679,0.747943,0.747764,0.747621,0.747741,0.748231,0.747846,0.747559,0.747840,0.748111,0.750849,0.754364,0.748151,0.747924,0.748037,0.747800,0.747880,0.747518,0.747423,0.747640,0.747950,0.747834,0.747605,0.747709,0.747653,0.747729,0.747620
sigma_48,0.819679,0.819483,0.824007,0.819723,0.819626,0.827932,0.819491,0.819526,0.819369,0.819478,0.819738,0.819659,0.819391,0.822910,0.819738,0.824482,0.819410,0.823726,0.819479,0.821270,0.819779,0.819760,0.819602,0.819349,0.823390,0.819525,0.819771,0.819698,0.819563,0.821822,0.820056,0.819748,0.822958,0.819508,0.824319,0.819688,0.819364,0.819343,0.819516,0.819624,0.819670,0.819400,0.819423,0.819385,0.819696,0.819978,0.819498,0.819438,0.825457,0.819292,0.819572,0.819624,0.819844,0.819987,0.819392,0.819426,0.819550,0.819627,0.823484,0.819894,0.819585,0.819446,0.819356,0.824845,0.819707,0.825147,1.000000,0.819626,0.819842,0.820080,0.819831,0.819441,0.825177,0.819890,0.821907,0.819873,0.819440,0.819358,0.819492,0.819443,0.823235,0.819415,0.819749,0.819475,0.819621,0.819423,0.821962,0.823101,0.819634,0.819305,0.819679,0.819546,0.822911,0.819926,0.819930,0.819430,0.819558,0.823151,0.819628,0.819461
sigma_59,0.791755,0.791779,0.797051,0.791750,0.796922,0.791313,0.791813,0.791669,0.791712,0.791560,0.792070,0.791838,0.791573,0.795481,0.791912,0.791890,0.791551,0.791612,0.791553,0.793863,0.798016,0.791528,0.796102,0.791629,0.791505,0.791616,0.791599,0.791561,0.796566,0.791694,0.791534,0.791560,0.791395,0.791722,0.791748,0.791763,0.791962,0.791812,0.791428,0.791925,0.791642,0.798125,0.796638,0.791485,0.791894,0.791363,0.791461,0.791741,0.791697,0.794726,0.791406,0.791778,0.791460,0.791952,0.791585,0.791554,0.791531,0.791805,0.796191,0.792023,0.791661,0.791819,0.791575,0.797992,0.796764,0.792142,0.791769,1.000000,0.797349,0.792142,0.791921,0.795312,0.792135,0.797897,0.791605,0.792135,0.791405,0.794782,0.791942,0.795324,0.791740,0.791615,0.791455,0.791496,0.791869,0.796968,0.791772,0.791628,0.792042,0.791813,0.791626,0.791758,0.791609,0.791434,0.791433,0.791544,0.791627,0.791815,0.791740,0.791635
sigma_70,0.774236,0.774101,0.779595,0.774002,0.774505,0.773839,0.778781,0.774123,0.778284,0.774147,0.774009,0.774408,0.774069,0.774153,0.774495,0.774429,0.774253,0.774161,0.779567,0.774082,0.780813,0.774095,0.774350,0.773953,0.774015,0.774366,0.774052,0.774131,0.774045,0.777137,0.774509,0.774667,0.773989,0.779228,0.780291,0.774268,0.774407,0.777389,0.773976,0.774055,0.774122,0.774026,0.774542,0.774123,0.774136,0.774075,0.774162,0.774574,0.774402,0.774227,0.774473,0.774094,0.774250,0.773825,0.774066,0.773987,0.774075,0.774221,0.774145,0.774273,0.774369,0.774090,0.774338,0.781094,0.774187,0.774513,0.774497,0.779862,1.000000,0.774723,0.774367,0.774425,0.781303,0.774898,0.774016,0.774258,0.774153,0.777440,0.779669,0.774369,0.774328,0.774179,0.774346,0.774176,0.780428,0.774717,0.774233,0.778694,0.774454,0.774182,0.774223,0.774153,0.774041,0.774057,0.774094,0.777521,0.779460,0.774496,0.774407,0.774065
sigma_73,0.675806,0.676220,0.676473,0.675952,0.676205,0.676022,0.675995,0.676477,0.675881,0.675965,0.676434,0.686050,0.676349,0.676360,0.676393,0.676148,0.676128,0.676059,0.676176,0.675804,0.676109,0.676097,0.676177,0.676136,0.676157,0.675979,0.675653,0.686692,0.675914,0.676105,0.676754,0.675892,0.676009,0.676314,0.676208,0.676242,0.675633,0.675809,0.676124,0.675873,0.676168,0.675930,0.683419,0.676228,0.676164,0.676155,0.676344,0.675633,0.675835,0.675902,0.675871,0.675867,0.676025,0.675996,0.676027,0.675592,0.676161,0.676060,0.683329,0.676511,0.686994,0.675850,0.676340,0.685415,0.676442,0.685867,0.676496,0.676413,0.676483,1.000000,0.676825,0.675819,0.676019,0.676210,0.680484,0.676349,0.675824,0.675958,0.683769,0.675990,0.675856,0.676802,0.676088,0.676160,0.676817,0.683688,0.680743,0.682506,0.675674,0.676096,0.676446,0.675853,0.675910,0.683196,0.675923,0.675936,0.683525,0.675926,0.675988,0.676070
sigma_86,0.745895,0.745970,0.746056,0.745943,0.745996,0.746650,0.745880,0.746140,0.745776,0.751240,0.746072,0.745821,0.745776,0.750931,0.745877,0.753347,0.745795,0.745624,0.746020,0.745768,0.746063,0.746326,0.745708,0.751790,0.745737,0.745697,0.746457,0.746024,0.746126,0.745501,0.746127,0.745513,0.745953,0.751602,0.745678,0.745605,0.745908,0.745924,0.746232,0.745922,0.753075,0.746125,0.745948,0.745914,0.745669,0.746209,0.745851,0.746276,0.745856,0.745844,0.745500,0.746218,0.745725,0.756933,0.746002,0.746180,0.751922,0.745913,0.746608,0.752990,0.745989,0.746194,0.745859,0.753773,0.746249,0.753563,0.746140,0.746085,0.746020,0.746719,1.000000,0.749915,0.746104,0.745755,0.749478,0.745753,0.745939,0.745778,0.752392,0.745772,0.745896,0.746272,0.752953,0.745960,0.746158,0.751986,0.745695,0.745681,0.746200,0.750141,0.745942,0.745795,0.745678,0.745765,0.745884,0.745681,0.745753,0.745635,0.745828,0.746138
sigma_6,0.856088,0.856014,0.859478,0.861689,0.856135,0.856109,0.858892,0.860464,0.856157,0.856173,0.856686,0.856261,0.856182,0.856059,0.860307,0.856158,0.855939,0.855954,0.856083,0.856104,0.855907,0.856089,0.856092,0.855937,0.855989,0.856334,0.855888,0.856185,0.856477,0.857775,0.856153,0.856254,0.858583,0.856093,0.856193,0.856186,0.859683,0.858260,0.858708,0.855975,0.856183,0.860573,0.856198,0.858234,0.856209,0.856347,0.855771,0.856106,0.856263,0.856236,0.856113,0.855982,0.855930,0.856123,0.855994,0.856070,0.856022,0.860560,0.856280,0.856401,0.856121,0.856155,0.856119,0.856298,0.859426,0.856315,0.856067,0.859788,0.856395,0.856031,0.860228,1.000000,0.860760,0.860541,0.858204,0.860823,0.858981,0.858354,0.859618,0.858708,0.856244,0.856100,0.856278,0.856059,0.856135,0.856073,0.856075,0.855944,0.856120,0.856203,0.856515,0.856117,0.856051,0.856014,0.855990,0.855856,0.856141,0.856404,0.856102,0.855981
sigma_8,0.724227,0.724809,0.724528,0.724195,0.731159,0.724212,0.724478,0.724871,0.724662,0.724146,0.724548,0.733315,0.724121,0.724488,0.724469,0.724743,0.724544,0.724393,0.724315,0.724129,0.724941,0.723917,0.724730,0.724401,0.724329,0.724799,0.724332,0.724310,0.724704,0.724391,0.724767,0.731818,0.724594,0.724299,0.725150,0.730084,0.731203,0.724298,0.723997,0.724487,0.723980,0.724591,0.724454,0.724243,0.724004,0.724573,0.724538,0.724523,0.733340,0.724440,0.724803,0.731160,0.724260,0.723960,0.724012,0.724418,0.724196,0.724660,0.724408,0.732184,0.724335,0.724487,0.724209,0.724386,0.724356,0.724735,0.729940,0.724749,0.731408,0.724363,0.724555,0.728901,1.000000,0.732099,0.724687,0.724549,0.724365,0.724287,0.724476,0.729501,0.724482,0.724589,0.731812,0.728072,0.732424,0.724327,0.724593,0.724313,0.724002,0.724115,0.724405,0.724504,0.724335,0.724416,0.723962,0.724457,0.724308,0.724086,0.724868,0.724123
sigma_11,0.749746,0.749713,0.756035,0.750128,0.749858,0.749468,0.749732,0.750321,0.754098,0.749690,0.758642,0.749730,0.749852,0.749704,0.749794,0.749696,0.749893,0.750124,0.749880,0.749572,0.749803,0.749802,0.750134,0.749728,0.750155,0.749695,0.749543,0.749878,0.749956,0.749845,0.749764,0.750243,0.749624,0.749801,0.756723,0.750007,0.750175,0.749800,0.749929,0.749675,0.749885,0.750282,0.755663,0.749799,0.749769,0.749503,0.749893,0.750076,0.749745,0.749626,0.749867,0.749951,0.750155,0.750069,0.749561,0.749656,0.749501,0.750340,0.750068,0.749696,0.750390,0.755440,0.749663,0.749819,0.750067,0.749785,0.750146,0.756011,0.750498,0.750051,0.749703,0.754180,0.757595,1.000000,0.749812,0.758035,0.750002,0.753585,0.749724,0.750219,0.754948,0.749465,0.750022,0.749571,0.750089,0.750164,0.753167,0.754820,0.750082,0.754049,0.757583,0.756694,0.749843,0.749851,0.749554,0.749642,0.750191,0.750290,0.749790,0.749803
sigma_17,0.874161,0.874214,0.873997,0.874220,0.874095,0.874265,0.876589,0.874348,0.874008,0.876648,0.878529,0.878225,0.874057,0.874382,0.874367,0.874335,0.873963,0.874260,0.877148,0.873969,0.874094,0.877389,0.874288,0.874263,0.874080,0.874011,0.874094,0.874158,0.877250,0.874136,0.874140,0.874132,0.874321,0.874130,0.874120,0.874016,0.874312,0.874114,0.876489,0.874274,0.874214,0.878301,0.874194,0.874004,0.874256,0.874301,0.874183,0.874179,0.878218,0.875940,0.874313,0.877187,0.874372,0.874559,0.876245,0.874225,0.874183,0.874474,0.874285,0.874503,0.874603,0.874204,0.874099,0.874334,0.876930,0.874516,0.876630,0.874186,0.874085,0.878786,0.877887,0.876301,0.874652,0.874281,1.000000,0.878070,0.874220,0.874082,0.874254,0.874232,0.874205,0.874265,0.877798,0.875723,0.877659,0.874265,0.874170,0.874268,0.874224,0.874195,0.878122,0.874159,0.874312,0.874144,0.877397,0.874033,0.874163,0.874278,0.878361,0.876002
sigma_18,0.733521,0.733801,0.733809,0.734653,0.733612,0.733345,0.733544,0.741568,0.733822,0.733510,0.734911,0.733585,0.733708,0.733678,0.733878,0.733763,0.733451,0.733822,0.733889,0.733330,0.733612,0.733663,0.733850,0.733709,0.739038,0.733875,0.733577,0.733716,0.740113,0.733556,0.733923,0.733921,0.733603,0.733412,0.740783,0.733893,0.733869,0.737774,0.733983,0.733644,0.733672,0.733986,0.733629,0.733769,0.739309,0.733631,0.733370,0.733790,0.733708,0.733485,0.733331,0.733553,0.733933,0.733613,0.733575,0.733563,0.733402,0.734155,0.739633,0.733788,0.742555,0.733778,0.733526,0.733618,0.733834,0.733724,0.733984,0.734103,0.733713,0.734045,0.733556,0.738319,0.733902,0.741892,0.737464,1.000000,0.733670,0.737505,0.733932,0.738346,0.739405,0.733336,0.733934,0.733573,0.733532,0.733517,0.733689,0.734103,0.733684,0.733731,0.741929,0.733939,0.733744,0.733764,0.733633,0.733308,0.733933,0.739214,0.733560,0.733778
sigma_68,0.818119,0.818044,0.817992,0.818361,0.817923,0.818468,0.818122,0.818563,0.818065,0.821983,0.824287,0.817930,0.822766,0.817914,0.818187,0.817911,0.818477,0.818238,0.822616,0.820067,0.818132,0.818344,0.818309,0.818280,0.818075,0.818740,0.818177,0.823919,0.818139,0.818041,0.818184,0.818597,0.818374,0.822198,0.822906,0.821857,0.822569,0.818088,0.821821,0.818313,0.823190,0.818234,0.818288,0.818131,0.817980,0.818443,0.818217,0.817889,0.818195,0.818026,0.824496,0.817945,0.823822,0.818341,0.820820,0.823403,0.818137,0.818220,0.818091,0.817888,0.818505,0.818115,0.817979,0.817978,0.818191,0.818083,0.818052,0.817873,0.818109,0.818022,0.818244,0.820968,0.818219,0.818359,0.818107,0.818171,1.000000,0.818217,0.818147,0.817945,0.818262,0.818514,0.818428,0.820418,0.818216,0.818000,0.818121,0.818245,0.818319,0.818118,0.818412,0.823851,0.821602,0.818276,0.818580,0.818055,0.818053,0.822019,0.818004,0.817870
sigma_76,0.876597,0.876213,0.879442,0.876496,0.876431,0.876476,0.876639,0.880370,0.878694,0.878676,0.880993,0.876590,0.876430,0.876282,0.880191,0.879866,0.878626,0.876490,0.876435,0.876344,0.876498,0.876301,0.879132,0.876430,0.876356,0.876450,0.876480,0.880497,0.876662,0.876309,0.876678,0.876533,0.876354,0.876472,0.876896,0.879004,0.876517,0.876496,0.876556,0.876317,0.876485,0.876558,0.876662,0.876320,0.876392,0.876899,0.876305,0.879571,0.876560,0.878314,0.876241,0.876329,0.876290,0.876462,0.876193,0.879730,0.876393,0.880588,0.876542,0.876469,0.876600,0.876578,0.876508,0.876719,0.879433,0.876624,0.876391,0.879664,0.879811,0.876576,0.876503,0.878759,0.876563,0.880351,0.876391,0.880419,0.876638,1.000000,0.879543,0.876611,0.876656,0.876640,0.876639,0.876314,0.876401,0.876510,0.876441,0.876459,0.876653,0.876619,0.876599,0.876463,0.878932,0.876375,0.876357,0.876427,0.879256,0.879177,0.876280,0.878237
sigma_80,0.790789,0.790964,0.790888,0.790871,0.791005,0.790714,0.790726,0.796953,0.790600,0.790885,0.790970,0.791177,0.790838,0.790532,0.790767,0.796788,0.790624,0.790751,0.795702,0.792725,0.790756,0.790609,0.790651,0.795377,0.790468,0.790873,0.790993,0.791089,0.790688,0.790825,0.800029,0.791061,0.790668,0.795519,0.790919,0.791061,0.790549,0.790703,0.790878,0.790678,0.791205,0.790833,0.790724,0.790960,0.790771,0.791092,0.790626,0.791148,0.790713,0.793786,0.790495,0.790921,0.790625,0.791152,0.790439,0.790746,0.795425,0.790740,0.795782,0.791151,0.791017,0.790522,0.794954,0.791457,0.790769,0.791327,0.790739,0.791045,0.796259,0.798595,0.797323,0.794243,0.790965,0.790715,0.790776,0.791068,0.790781,0.793761,1.000000,0.794465,0.790797,0.790782,0.790738,0.793517,0.790763,0.791025,0.793560,0.790820,0.790626,0.790895,0.790563,0.790831,0.790613,0.790836,0.790558,0.790579,0.790944,0.790665,0.790799,0.790947
sigma_98,0.849148,0.848889,0.849145,0.849143,0.852913,0.848765,0.849016,0.853526,0.851679,0.848948,0.849223,0.854095,0.849055,0.849020,0.849243,0.849363,0.849015,0.852468,0.849211,0.850518,0.849204,0.848869,0.852358,0.849059,0.849151,0.848981,0.848974,0.849097,0.849228,0.848987,0.849260,0.849177,0.848996,0.849204,0.849244,0.849177,0.849418,0.851353,0.848970,0.849107,0.848895,0.849487,0.849107,0.848922,0.849079,0.848823,0.849160,0.852999,0.849645,0.851393,0.849217,0.849538,0.849039,0.848931,0.848877,0.848947,0.849125,0.849122,0.849139,0.853161,0.849303,0.849043,0.849207,0.848989,0.849198,0.849330,0.849077,0.852811,0.849348,0.849209,0.849098,0.851717,0.854363,0.849597,0.849143,0.853862,0.848967,0.849212,0.852849,1.000000,0.852171,0.849169,0.849145,0.851093,0.853565,0.849354,0.851150,0.848856,0.849100,0.849095,0.848991,0.853223,0.848939,0.849058,0.848926,0.849115,0.848984,0.849111,0.853718,0.851371
sigma_52,0.824559,0.824480,0.824471,0.831063,0.824393,0.824093,0.824195,0.824455,0.824025,0.824424,0.831201,0.824049,0.823950,0.824235,0.823932,0.829008,0.823892,0.828335,0.828772,0.824133,0.829357,0.828413,0.827987,0.823961,0.827785,0.824377,0.824337,0.823988,0.824381,0.823946,0.824475,0.829221,0.824202,0.827870,0.824484,0.824083,0.824045,0.826787,0.824158,0.824396,0.829177,0.824192,0.824059,0.824340,0.824339,0.824615,0.823988,0.824138,0.824787,0.824050,0.824251,0.824055,0.823966,0.824616,0.824033,0.824233,0.824057,0.830076,0.824358,0.824149,0.830575,0.824276,0.824075,0.824410,0.823981,0.824073,0.827901,0.824260,0.824336,0.824106,0.824252,0.824282,0.824389,0.829354,0.824145,0.829951,0.824315,0.824287,0.824215,0.827203,1.000000,0.824332,0.824117,0.824041,0.823964,0.824269,0.824080,0.824389,0.830148,0.824133,0.824483,0.824507,0.827692,0.824386,0.824228,0.826599,0.824335,0.824516,0.824259,0.824256
sigma_87,0.646329,0.645836,0.645702,0.660326,0.654329,0.646474,0.646154,0.645616,0.645372,0.652914,0.645360,0.656851,0.645971,0.645841,0.645760,0.646285,0.652168,0.645647,0.645701,0.649616,0.645890,0.646042,0.645731,0.653621,0.645326,0.646725,0.646301,0.657380,0.645351,0.650588,0.646750,0.645693,0.645965,0.645442,0.645751,0.646065,0.645475,0.645687,0.645615,0.646308,0.655393,0.645373,0.646038,0.645659,0.645435,0.661081,0.646024,0.645629,0.645337,0.645588,0.645975,0.645707,0.646282,0.645571,0.645479,0.646132,0.646041,0.646035,0.645923,0.645498,0.646200,0.645574,0.645398,0.645527,0.645363,0.645784,0.645508,0.645565,0.645617,0.646481,0.646057,0.645568,0.645924,0.645303,0.645634,0.645319,0.645996,0.645700,0.645628,0.645628,0.645761,1.000000,0.646489,0.645600,0.645632,0.645648,0.645702,0.645813,0.645445,0.645365,0.646366,0.645825,0.645939,0.645415,0.655275,0.645316,0.653436,0.646296,0.645278,0.645382
sigma_23,0.761505,0.761859,0.761377,0.761915,0.761618,0.762088,0.761594,0.761553,0.761597,0.766335,0.761708,0.762057,0.762018,0.761606,0.761574,0.762138,0.761858,0.761649,0.761388,0.761309,0.761435,0.761812,0.761698,0.766953,0.766429,0.762095,0.762426,0.769656,0.767531,0.761522,0.762044,0.761804,0.766318,0.761517,0.768109,0.761956,0.762091,0.761667,0.761538,0.762267,0.762067,0.761813,0.761684,0.761419,0.761547,0.771714,0.766827,0.768039,0.761933,0.761603,0.761577,0.761862,0.762244,0.761896,0.765265,0.768049,0.761977,0.769515,0.761574,0.761881,0.761291,0.767479,0.761695,0.761788,0.761330,0.762039,0.761827,0.761391,0.761770,0.761753,0.768722,0.761731,0.769131,0.761846,0.765162,0.761902,0.761894,0.761685,0.761570,0.761589,0.761531,0.762472,1.000000,0.761635,0.768408,0.761882,0.761640,0.761638,0.761621,0.761723,0.761711,0.761694,0.761732,0.761790,0.762055,0.761617,0.761595,0.761711,0.762189,0.761519
sigma_36,0.882397,0.882601,0.882342,0.882345,0.885612,0.882707,0.882348,0.882657,0.882438,0.884796,0.882469,0.882784,0.882471,0.882527,0.885843,0.882446,0.884475,0.882522,0.882530,0.882417,0.885867,0.882518,0.882391,0.882479,0.882390,0.882582,0.882604,0.882649,0.882541,0.883892,0.882401,0.882581,0.884582,0.884998,0.882479,0.882500,0.882538,0.884094,0.882567,0.882673,0.882633,0.882436,0.882264,0.882516,0.884702,0.882245,0.884801,0.882464,0.886279,0.884163,0.882554,0.885344,0.882438,0.882302,0.882457,0.885703,0.885064,0.882493,0.882506,0.882758,0.886329,0.882364,0.882532,0.882817,0.882445,0.885756,0.882536,0.882414,0.882582,0.882805,0.882713,0.882494,0.886364,0.882379,0.884059,0.882524,0.884864,0.882343,0.885326,0.884517,0.882438,0.882568,0.882617,1.000000,0.882601,0.882563,0.884078,0.882448,0.882429,0.884351,0.882356,0.882636,0.882612,0.885061,0.882510,0.882449,0.882378,0.882378,0.882701,0.882421
sigma_85,0.765077,0.765042,0.765519,0.764869,0.765417,0.765244,0.765513,0.765220,0.769812,0.765234,0.765014,0.773055,0.765360,0.765463,0.765372,0.765106,0.765444,0.765092,0.765277,0.765018,0.765363,0.765115,0.765631,0.765462,0.765465,0.765112,0.765153,0.765669,0.765464,0.765454,0.765253,0.765346,0.765278,0.765211,0.765663,0.765379,0.771078,0.765312,0.764970,0.765912,0.765053,0.765718,0.770608,0.765120,0.764946,0.765247,0.770481,0.771465,0.765905,0.765253,0.773353,0.765582,0.772779,0.764915,0.765267,0.765307,0.765290,0.765140,0.765049,0.765717,0.764922,0.765798,0.765303,0.765341,0.765288,0.771932,0.765337,0.765442,0.771493,0.766118,0.765567,0.765226,0.773379,0.765552,0.768659,0.765138,0.765321,0.765085,0.765233,0.769658,0.765017,0.765256,0.772047,0.765257,1.000000,0.770898,0.768509,0.765496,0.765268,0.765159,0.765431,0.765552,0.765039,0.765263,0.765392,0.768752,0.765317,0.765120,0.772588,0.765438
sigma_43,0.793231,0.793125,0.798060,0.793018,0.798201,0.792938,0.793112,0.792963,0.796635,0.797270,0.792772,0.793289,0.793086,0.793128,0.793043,0.793156,0.792755,0.793245,0.792928,0.792844,0.799131,0.792888,0.797306,0.793257,0.797249,0.793079,0.793112,0.793224,0.792916,0.792849,0.792868,0.792864,0.792971,0.797685,0.793035,0.793114,0.793095,0.796104,0.793041,0.793217,0.793262,0.793205,0.798127,0.792992,0.792971,0.792774,0.793105,0.793242,0.793065,0.793156,0.793047,0.793213,0.793219,0.792995,0.796164,0.792797,0.792937,0.792834,0.793075,0.793016,0.793282,0.793009,0.797157,0.793797,0.793201,0.793552,0.792975,0.798375,0.793613,0.800819,0.799226,0.792999,0.793121,0.793461,0.793093,0.792959,0.792940,0.793029,0.793330,0.793271,0.793157,0.793107,0.793355,0.793054,0.798730,1.000000,0.796085,0.793294,0.793384,0.796709,0.792950,0.793233,0.793004,0.793197,0.792860,0.793158,0.793245,0.793162,0.793226,0.796301
sigma_51,0.878486,0.878455,0.881532,0.878391,0.881565,0.878936,0.878404,0.878772,0.878625,0.880848,0.878664,0.878710,0.878515,0.878453,0.878464,0.878604,0.878561,0.881469,0.878404,0.878474,0.878625,0.878512,0.878678,0.878605,0.881342,0.878724,0.878563,0.882446,0.878655,0.878495,0.878682,0.878608,0.878573,0.878744,0.882032,0.881053,0.878497,0.878398,0.880719,0.878922,0.878502,0.882180,0.878867,0.880654,0.881043,0.878596,0.878562,0.878642,0.878617,0.878489,0.878721,0.881468,0.882403,0.878395,0.878384,0.878499,0.878467,0.878483,0.878679,0.878810,0.878854,0.878493,0.878813,0.878668,0.881330,0.878937,0.881124,0.878792,0.878741,0.883474,0.878552,0.878613,0.878998,0.882070,0.878610,0.878743,0.878673,0.878572,0.881474,0.880678,0.878581,0.878773,0.878726,0.880181,0.881948,0.881691,1.000000,0.878837,0.878488,0.878616,0.878756,0.878809,0.878700,0.881569,0.878448,0.880117,0.881490,0.878429,0.878685,0.878476
sigma_56,0.828304,0.828282,0.832597,0.828453,0.828255,0.828538,0.828253,0.828638,0.828340,0.828303,0.828482,0.828481,0.832487,0.828551,0.828243,0.828164,0.828309,0.828597,0.828754,0.828177,0.828367,0.832520,0.828474,0.828470,0.832089,0.828537,0.828353,0.834149,0.828284,0.830900,0.828218,0.828093,0.828739,0.832094,0.828458,0.828283,0.828362,0.828406,0.828666,0.828608,0.828477,0.828638,0.828765,0.828360,0.831812,0.828661,0.832256,0.828356,0.828445,0.828319,0.828531,0.828257,0.834093,0.828303,0.828536,0.828335,0.828409,0.828123,0.828578,0.828145,0.834178,0.828889,0.831793,0.828718,0.828281,0.828792,0.832007,0.828391,0.832942,0.834986,0.828279,0.828223,0.828462,0.833466,0.828450,0.828898,0.828538,0.828332,0.828479,0.828127,0.828631,0.828626,0.828465,0.828293,0.828684,0.828648,0.828579,1.000000,0.828396,0.831167,0.833858,0.828755,0.828632,0.828544,0.833089,0.830826,0.828825,0.831981,0.833538,0.828555
sigma_60,0.728354,0.728049,0.734106,0.728006,0.727954,0.728578,0.733837,0.728075,0.727988,0.727752,0.738126,0.727949,0.727773,0.733640,0.728299,0.728107,0.727934,0.728214,0.727954,0.731130,0.735831,0.728283,0.733562,0.727833,0.728050,0.727613,0.728788,0.727772,0.727968,0.727850,0.727837,0.728746,0.727734,0.727878,0.727774,0.727643,0.727963,0.727986,0.727903,0.728336,0.728197,0.728203,0.727964,0.727931,0.733317,0.728305,0.727912,0.727843,0.728769,0.728044,0.737219,0.727877,0.728076,0.740331,0.732392,0.727991,0.733552,0.736758,0.728324,0.728026,0.728477,0.728230,0.727736,0.728332,0.727907,0.728066,0.728051,0.728315,0.728215,0.727676,0.728309,0.727910,0.727661,0.728244,0.727916,0.727990,0.728124,0.728037,0.727795,0.727882,0.733909,0.727768,0.727959,0.727783,0.727967,0.728249,0.727739,0.727906,1.000000,0.727917,0.728067,0.727946,0.728181,0.728431,0.728360,0.731918,0.728008,0.728022,0.728340,0.731959
sigma_31,0.850588,0.850836,0.850640,0.850628,0.850592,0.850716,0.850572,0.854888,0.853350,0.850739,0.851022,0.850498,0.850794,0.850612,0.850666,0.850715,0.850684,0.850670,0.854252,0.850473,0.850577,0.850944,0.853949,0.850784,0.850602,0.850568,0.850813,0.850750,0.850843,0.850631,0.850877,0.850675,0.850512,0.850832,0.850876,0.850591,0.850899,0.852870,0.853613,0.850740,0.850897,0.855233,0.850790,0.853300,0.850994,0.850460,0.850697,0.854694,0.850818,0.850587,0.850585,0.850671,0.850694,0.851047,0.852916,0.854861,0.854205,0.850815,0.853978,0.851083,0.851088,0.854295,0.851040,0.850997,0.854150,0.850991,0.850567,0.850931,0.850788,0.850943,0.855088,0.850838,0.850620,0.855049,0.850732,0.850882,0.850768,0.850848,0.850909,0.850722,0.850731,0.850534,0.850906,0.852552,0.850704,0.854414,0.850714,0.853521,0.850763,1.000000,0.851045,0.850699,0.853672,0.850628,0.850847,0.850711,0.854058,0.850899,0.851169,0.852816
sigma_66,0.732592,0.732716,0.732623,0.742933,0.732613,0.733252,0.732725,0.732631,0.732533,0.732838,0.732752,0.732697,0.732892,0.737982,0.732719,0.732393,0.732580,0.732632,0.732454,0.732421,0.732253,0.732906,0.732488,0.738384,0.732892,0.733009,0.732687,0.732505,0.732925,0.736110,0.732850,0.732442,0.732469,0.732534,0.733020,0.732251,0.738933,0.732731,0.737534,0.732704,0.732461,0.732620,0.732878,0.732437,0.732769,0.732808,0.732657,0.732496,0.732576,0.732499,0.732914,0.732609,0.741360,0.732790,0.736803,0.732717,0.732493,0.732869,0.732891,0.732870,0.733426,0.732884,0.732743,0.732385,0.732544,0.732428,0.732740,0.732544,0.732628,0.733092,0.732695,0.732950,0.732708,0.740389,0.736466,0.740878,0.732860,0.732627,0.732376,0.732417,0.732880,0.733331,0.732693,0.732355,0.732775,0.732459,0.732653,0.738019,0.732711,0.732845,1.000000,0.732640,0.737814,0.738790,0.733250,0.732735,0.738709,0.732994,0.732777,0.736726
sigma_81,0.756643,0.756481,0.756664,0.756624,0.756334,0.756593,0.756567,0.756536,0.756627,0.761329,0.756729,0.756519,0.762473,0.756346,0.756311,0.756235,0.760651,0.761934,0.762315,0.758954,0.756483,0.756425,0.756516,0.756697,0.761372,0.756701,0.756700,0.756786,0.756323,0.756370,0.756114,0.756700,0.756270,0.761866,0.756553,0.756656,0.756458,0.756308,0.761094,0.757159,0.756797,0.756173,0.762244,0.756707,0.756207,0.756405,0.761624,0.756178,0.756546,0.756228,0.764716,0.762039,0.756881,0.756423,0.756235,0.756697,0.756388,0.756104,0.756205,0.756311,0.756496,0.756574,0.756568,0.756331,0.756452,0.756162,0.756434,0.756503,0.756386,0.756328,0.756376,0.756380,0.756634,0.763327,0.756323,0.756717,0.762136,0.756318,0.756473,0.760480,0.756731,0.756620,0.756504,0.756464,0.756724,0.756570,0.756534,0.756738,0.756418,0.756326,0.756468,1.000000,0.756432,0.756546,0.756650,0.756251,0.756417,0.761776,0.756699,0.756408
sigma_12,0.832133,0.832027,0.832029,0.832421,0.836077,0.832628,0.832095,0.832412,0.831984,0.835519,0.832497,0.832345,0.832267,0.832327,0.832163,0.832467,0.832068,0.832546,0.832341,0.832118,0.832438,0.836396,0.835906,0.832162,0.832243,0.832350,0.832470,0.832372,0.832245,0.832356,0.839276,0.832323,0.832107,0.832227,0.832586,0.832089,0.832365,0.832184,0.835629,0.832306,0.832434,0.832241,0.832133,0.832282,0.835520,0.832696,0.835489,0.832095,0.837787,0.832121,0.832509,0.832087,0.832352,0.832300,0.832327,0.837080,0.832308,0.837883,0.832276,0.832433,0.832442,0.832360,0.832203,0.832224,0.836129,0.832232,0.835653,0.832207,0.832128,0.832238,0.832113,0.832167,0.832319,0.832330,0.832330,0.832375,0.835731,0.834644,0.832108,0.832047,0.835768,0.832587,0.832395,0.832293,0.832064,0.832194,0.832278,0.832468,0.832506,0.835154,0.837490,0.832284,1.000000,0.836141,0.836663,0.834657,0.836269,0.832428,0.832351,0.832117
sigma_16,0.800816,0.800848,0.800637,0.800691,0.800562,0.810276,0.800962,0.800649,0.800734,0.800663,0.800987,0.800903,0.800463,0.804602,0.806957,0.800551,0.800740,0.805232,0.800546,0.802745,0.800758,0.800510,0.800585,0.800473,0.804741,0.800699,0.801104,0.800696,0.800877,0.800519,0.801173,0.806389,0.800778,0.800705,0.806058,0.800822,0.800767,0.800564,0.800804,0.800956,0.800486,0.800771,0.800503,0.804092,0.800780,0.801072,0.800765,0.800619,0.801388,0.800493,0.807609,0.800866,0.801304,0.801069,0.803897,0.800793,0.800788,0.806877,0.800720,0.805902,0.800975,0.800659,0.804553,0.800841,0.800691,0.800962,0.801089,0.800453,0.800564,0.807940,0.800620,0.800551,0.800821,0.800759,0.800582,0.800817,0.800827,0.800505,0.800752,0.800586,0.800885,0.800486,0.800874,0.803166,0.800710,0.800808,0.803574,0.800801,0.801176,0.800529,0.806889,0.800821,0.804564,1.000000,0.800993,0.803566,0.801488,0.800470,0.800552,0.800816
sigma_64,0.771105,0.771106,0.771141,0.772022,0.771198,0.771952,0.771521,0.770820,0.771029,0.771342,0.771132,0.771460,0.771190,0.775541,0.771175,0.771117,0.771416,0.776131,0.771243,0.773648,0.771041,0.776902,0.770987,0.771417,0.771255,0.771214,0.771667,0.771737,0.771400,0.774433,0.771556,0.771223,0.775452,0.770986,0.770961,0.771097,0.771154,0.774421,0.771348,0.771738,0.771742,0.771168,0.771009,0.771075,0.771351,0.780819,0.771292,0.771098,0.771469,0.771080,0.779120,0.770988,0.778650,0.771458,0.774899,0.777607,0.775972,0.771423,0.771018,0.770935,0.771149,0.771323,0.771103,0.771172,0.771094,0.771307,0.771554,0.770914,0.771062,0.771133,0.771200,0.770988,0.770828,0.770923,0.774300,0.771146,0.771592,0.770948,0.770935,0.770915,0.771188,0.780790,0.771600,0.771073,0.771299,0.770932,0.770907,0.775811,0.771567,0.771209,0.771813,0.771385,0.775548,0.771454,1.000000,0.771073,0.771293,0.776114,0.771435,0.771129
sigma_71,0.878446,0.878480,0.878381,0.878232,0.878385,0.878474,0.881079,0.878403,0.880626,0.878360,0.878408,0.878616,0.881283,0.880930,0.882133,0.878461,0.878405,0.878628,0.878423,0.878296,0.882072,0.878344,0.881166,0.878257,0.878363,0.878388,0.878469,0.878542,0.878465,0.878263,0.878254,0.878471,0.878316,0.881056,0.878638,0.878249,0.881642,0.878448,0.878444,0.878559,0.878278,0.878675,0.878455,0.878305,0.878356,0.878291,0.881126,0.881518,0.882593,0.878316,0.878810,0.878587,0.878413,0.878428,0.880461,0.881678,0.878558,0.878747,0.878247,0.881844,0.878490,0.878561,0.880959,0.878603,0.878332,0.878474,0.878448,0.878419,0.881875,0.878540,0.878393,0.878248,0.878717,0.878406,0.878327,0.878218,0.878461,0.878413,0.878352,0.878499,0.880950,0.878243,0.878557,0.878406,0.882043,0.878624,0.879971,0.880936,0.882509,0.878468,0.878693,0.878381,0.880930,0.881417,0.878468,1.000000,0.881313,0.878479,0.882406,0.878515
sigma_99,0.803153,0.803579,0.803550,0.803613,0.803692,0.803273,0.807351,0.803466,0.803457,0.803413,0.803778,0.803607,0.803281,0.803406,0.803329,0.803414,0.803415,0.807746,0.803537,0.803106,0.803285,0.803273,0.803414,0.803439,0.803253,0.803417,0.803205,0.803742,0.803412,0.805980,0.803769,0.803436,0.803224,0.803534,0.808667,0.803426,0.803368,0.803250,0.807179,0.803442,0.803643,0.803497,0.807926,0.806643,0.803265,0.803836,0.803387,0.803550,0.803754,0.803195,0.803432,0.803390,0.803438,0.803216,0.803227,0.803594,0.803367,0.809543,0.803547,0.808511,0.810254,0.803480,0.807278,0.803415,0.803673,0.803420,0.803420,0.803345,0.808664,0.810962,0.803308,0.803377,0.803412,0.803798,0.803301,0.803685,0.803303,0.806088,0.803559,0.803212,0.803533,0.811197,0.803378,0.803178,0.803463,0.803555,0.806193,0.803782,0.803453,0.806660,0.809507,0.803390,0.807391,0.804187,0.803531,0.806161,1.000000,0.803374,0.803144,0.803605
sigma_44,0.815765,0.815796,0.815467,0.823009,0.815456,0.816162,0.819384,0.815499,0.818638,0.815815,0.815437,0.815450,0.815769,0.815418,0.821024,0.815657,0.815474,0.815426,0.820011,0.815531,0.820517,0.815612,0.819393,0.819336,0.815485,0.815570,0.815661,0.815870,0.815569,0.815417,0.815505,0.815528,0.815279,0.815463,0.815693,0.815573,0.815550,0.818222,0.818844,0.815779,0.815625,0.815151,0.819814,0.815367,0.815431,0.823391,0.815477,0.815536,0.815566,0.815203,0.815881,0.815510,0.815829,0.815507,0.815429,0.815541,0.815404,0.815711,0.815588,0.815235,0.815726,0.819599,0.815356,0.815883,0.819710,0.815457,0.819105,0.815625,0.815794,0.815466,0.815282,0.815733,0.815283,0.815989,0.815508,0.821054,0.819360,0.818102,0.815373,0.815431,0.815806,0.816154,0.815587,0.815271,0.815358,0.815564,0.815219,0.819029,0.815560,0.815592,0.815887,0.820836,0.815640,0.815262,0.820442,0.815415,0.815467,1.000000,0.815593,0.815437
sigma_32,0.737352,0.738141,0.737270,0.737143,0.737442,0.737444,0.737467,0.737562,0.737604,0.737219,0.737617,0.738050,0.737703,0.737653,0.737530,0.737496,0.737453,0.737556,0.743854,0.737247,0.737567,0.738074,0.743464,0.737553,0.737576,0.737320,0.737884,0.737871,0.737794,0.737489,0.737352,0.737496,0.742373,0.737429,0.737470,0.737249,0.737951,0.737266,0.737331,0.738071,0.737623,0.745467,0.737568,0.737543,0.737513,0.737259,0.743277,0.738100,0.746024,0.737450,0.737766,0.743881,0.737934,0.737490,0.741624,0.737462,0.743049,0.737658,0.737320,0.738302,0.737722,0.743655,0.738028,0.737637,0.737380,0.737570,0.737620,0.737589,0.737743,0.737565,0.737512,0.737467,0.738101,0.737527,0.741642,0.737442,0.737384,0.737238,0.737544,0.742081,0.737587,0.737178,0.738102,0.737632,0.744862,0.737667,0.737512,0.742628,0.737916,0.737900,0.737708,0.737803,0.737601,0.737381,0.737803,0.741391,0.737274,0.737631,1.000000,0.741434
sigma_33,0.867251,0.867306,0.867309,0.867046,0.867377,0.867306,0.870068,0.867136,0.869490,0.867078,0.867424,0.867460,0.867089,0.869850,0.871126,0.871001,0.867075,0.870150,0.867164,0.866927,0.867094,0.867009,0.867226,0.870074,0.869909,0.867190,0.867256,0.867016,0.867349,0.867092,0.872870,0.867184,0.869627,0.870042,0.867166,0.867200,0.867207,0.867068,0.867161,0.867438,0.867313,0.867307,0.870183,0.867221,0.866978,0.867409,0.867168,0.867376,0.867277,0.869036,0.867356,0.867448,0.871448,0.867280,0.867342,0.867040,0.867232,0.867156,0.867197,0.870712,0.871548,0.867169,0.869866,0.867192,0.867151,0.867199,0.867190,0.867220,0.867138,0.867384,0.867558,0.867084,0.867095,0.867276,0.869007,0.867396,0.866987,0.868933,0.867429,0.869464,0.867320,0.867019,0.867169,0.867088,0.867449,0.870472,0.867040,0.867378,0.871266,0.869283,0.871386,0.867248,0.867105,0.867382,0.867235,0.867225,0.867471,0.867211,0.871165,1.000000
